segment	position	allele	coding_region_change	gene	Frequency_1	Frequency_2	sample
ha	1081	T	Ile351Lys	HA	0.3613	0.3936	c1
ha	1219	T	Leu397Ser	HA	0.0	0.0121	c1
ha	1343	T	Ser438Ser	HA	0.0	0.0106	c1
ha	1426	A	Lys466Arg	HA	0.0	0.0101	c1
ha	1449	A	Asn474Asp	HA	0.0	0.0104	c1
mp	314	G	Val97Ile	M1	0.0134	0.0152	c1
mp	722	C	Leu233Phe	M1	0.0	0.0118	c1
mp	981	C	His90Asn	M2	0.0101	0.0	c1
na	118	G	Val33Val	NA	0.0108	0.0	c1
na	232	T	Thr71Thr	NA	0.0154	0.0	c1
na	720	A	Asn234Ser	NA	0.0113	0.0128	c1
na	801	A	Lys261Arg	NA	0.0	0.0111	c1
na	973	T	Cys318Cys	NA	0.0	0.0119	c1
na	1143	A	Glu375Gly	NA	0.0	0.0118	c1
na	1221	A	Asn401Ser	NA	0.0107	0.0258	c1
na	1317	A	Glu433Gly	NA	0.0	0.0108	c1
np	1524	A	Ala493Ala	NP	0.0	0.0133	c1
pa	138	A	Ile38Met	PA	0.0	0.0172	c1
pa	300	T	Asn92Asn	PA	0.0516	0.0593	c1
pa	468	T	Phe148Phe	PA	0.0108	0.0	c1
pa	510	T	Thr162Thr	PA	0.0	0.0129	c1
pa	827	T	Leu268Pro	PA	0.0	0.0156	c1
pa	850	T	Cys276Arg	PA	0.0	0.0154	c1
pa	1489	T	Cys489Ser	PA	0.0719	0.0905	c1
pa	1802	A	Glu593Gly	PA	0.0	0.0103	c1
pb2	122	A	Lys32Arg	PB2	0.0	0.0102	c1
pb2	598	G	Glu191Lys	PB2	0.0243	0.0	c1
pb2	1097	A	His357Arg	PB2	0.0103	0.0	c1
pb2	1235	T	Val403Ala	PB2	0.0102	0.0	c1
pb2	1504	A	Arg493Gly	PB2	0.012	0.0	c1
pb2	2131	A	Lys702Glu	PB2	0.0	0.0109	c1
mp	26	A	Met1Val	M1	0.025	0.0	c10
mp	49	A	Glu8Glu	M1	0.0176	0.0	c10
mp	192	C	Thr56Ile	M1	0.0126	0.0	c10
mp	237	A	Glu71Val	M1	0.0129	0.0	c10
mp	329	A	Lys102Glu	M1	0.0243	0.0	c10
mp	349	A	Thr108Thr	M1	0.0127	0.0	c10
mp	428	A	Met135Val	M1	0.0139	0.0	c10
mp	429	T	Met135Thr	M1	0.0403	0.0	c10
mp	435	C	Thr137Lys	M1	0.0928	0.0	c10
mp	446	G	Glu141Lys	M1	0.0872	0.0	c10
mp	465	T	Val147Ala	M1	0.0	0.0297	c10
mp	487	T	Ile154Ile	M1	0.022	0.0	c10
mp	560	A	Met179Val	M1	0.0249	0.0	c10
mp	646	T	Asn207Asn	M1	0.0107	0.0	c10
mp	659	A	Met212Val	M1	0.0908	0.0	c10
mp	677	A	Thr218Ala	M1	0.0	0.0307	c10
mp	718	T	Asp231Asp	M1	0.0259	0.0	c10
mp	749	A	Lys242Glu	M1	0.0106	0.0	c10
mp	832	T	Leu40Ser	M2	0.0277	0.0	c10
mp	869	T	Tyr52Tyr	M2	0.028	0.0	c10
mp	894	A	Arg61Stop	M2	0.0214	0.0	c10
np	198	C	Asp51Asp	NP	0.1359	0.0	c10
np	572	C	Ser176Leu	NP	0.0748	0.0	c10
ns	55	A	Gln10Arg	NS1	0.0	0.0236	c10
ns	156	A	Arg44Gly	NS1	0.013	0.0	c10
ns	181	T	Leu52Pro	NS1	0.0	0.0165	c10
ns	191	A	Glu55Glu	NS1	0.0	0.0202	c10
ns	262	T	Met79Thr	NS1	0.0	0.0271	c10
ns	268	T	Ile81Thr	NS1	0.0	0.0187	c10
ns	285	T	Ser87Pro	NS1	0.0	0.0127	c10
ns	311	T	Leu95Leu	NS1	0.0	0.013	c10
ns	316	A	Glu97Gly	NS1	0.0142	0.0	c10
ns	321	T	Ser99Pro	NS1	0.0153	0.0	c10
ns	333	T	Phe103Leu	NS1	0.0108	0.0	c10
ns	397	T	Met124Thr	NS1	0.0117	0.0	c10
ns	433	T	Val136Ala	NS1	0.0109	0.0	c10
ns	436	T	Ile137Thr	NS1	0.0171	0.0	c10
ns	514	T	Leu163Ser	NS1	0.0	0.0211	c10
ns	619	T	Leu198Pro	NS1	0.0	0.0159	c10
ns	624	A	Arg200Gly	NS1	0.0	0.0544	c10
ns	642	A	Ser206Cys	NS1	0.0123	0.0	c10
ns	680	G	Stop218Stop	NS1	0.0658	0.0	c10
ns	755	G	Arg86Lys	NEP	0.0184	0.0	c10
ns	771	A	Glu91Glu	NEP	0.0	0.0205	c10
ns	773	A	Asn92Ser	NEP	0.0464	0.0	c10
ns	774	T	Asn92Asn	NEP	0.0114	0.0	c10
ns	807	A	Leu103Leu	NEP	0.0234	0.0	c10
ns	821	A	Glu108Val	NEP	0.0	0.1027	c10
ns	840	A	Arg114Arg	NEP	0.0374	0.0	c10
ha	133	C	Ala35Glu	HA	0.0318	0.0	c11
ha	163	T	Ile45Thr	HA	0.0295	0.0	c11
ha	243	C	His72Asn	HA	0.0295	0.0	c11
ha	247	A	Lys73Arg	HA	0.0	0.2185	c11
ha	278	A	Ile83Met	HA	0.0	0.0198	c11
ha	288	T	Leu87Leu	HA	0.0	0.0131	c11
ha	363	A	Asn112Asp	HA	0.0148	0.0	c11
ha	377	T	Tyr116Tyr	HA	0.0316	0.0	c11
ha	446	A	Glu139Glu	HA	0.0	0.0518	c11
ha	449	T	Gly140Gly	HA	0.0307	0.0	c11
ha	492	T	Cys155Arg	HA	0.0397	0.0155	c11
ha	510	A	Asn161Asp	HA	0.026	0.0	c11
ha	553	A	Asn175Ser	HA	0.0172	0.0	c11
ha	641	T	Asp204Asp	HA	0.0177	0.0	c11
ha	661	A	Tyr211Cys	HA	0.0144	0.0	c11
ha	683	C	Val218Val	HA	0.0	0.0108	c11
ha	688	T	Val220Ala	HA	0.0	0.0143	c11
ha	714	A	Ile229Val	HA	0.0158	0.0	c11
ha	735	A	Arg236Gly	HA	0.0164	0.0	c11
ha	741	T	Leu238Leu	HA	0.0155	0.0	c11
ha	878	A	Ile283Met	HA	0.0141	0.0	c11
ha	957	T	Phe310Leu	HA	0.0192	0.0	c11
ha	981	T	Tyr318His	HA	0.0149	0.0	c11
ha	997	A	Lys323Arg	HA	0.0147	0.0	c11
ha	1081	T	Ile351Lys	HA	0.3451	0.0996	c11
ha	1101	G	Gly358Arg	HA	0.02	0.0	c11
ha	1248	A	Lys407Glu	HA	0.0	0.0551	c11
ha	1308	A	Lys427Glu	HA	0.0103	0.0	c11
ha	1318	A	Glu430Gly	HA	0.0	0.0159	c11
ha	1381	A	Asn451Ser	HA	0.0102	0.0	c11
ha	1394	A	Leu455Leu	HA	0.0198	0.0	c11
ha	1406	A	Glu459Glu	HA	0.0153	0.0	c11
ha	1424	A	Glu465Glu	HA	0.0109	0.0	c11
ha	1530	A	Thr501Ala	HA	0.0154	0.0137	c11
ha	1610	C	Tyr527Tyr	HA	0.0106	0.0	c11
ha	1623	T	Leu532Leu	HA	0.0165	0.0163	c11
ha	1654	T	Leu542Ser	HA	0.0227	0.0	c11
ha	1727	T	Ile566Ile	HA	0.0138	0.0	c11
mp	323	T	Tyr100His	M1	0.0	0.014	c11
mp	394	A	Ala123Ala	M1	0.0	0.0115	c11
mp	426	G	Arg134Lys	M1	0.0	0.023	c11
mp	434	A	Thr137Ala	M1	0.0	0.0113	c11
mp	989	C	Val92Val	M2	0.0	0.0111	c11
na	47	A	Ile10Val	NA	0.0106	0.0	c11
na	68	A	Ile17Leu	NA	0.0126	0.0	c11
na	83	T	Phe22Leu	NA	0.0101	0.0	c11
na	118	G	Val33Val	NA	0.0419	0.0	c11
na	128	T	Phe37Leu	NA	0.0106	0.0	c11
na	214	A	Val65Val	NA	0.0184	0.0	c11
na	286	A	Lys89Lys	NA	0.0126	0.0	c11
na	295	T	Cys92Cys	NA	0.0154	0.0	c11
na	320	T	Ser101Pro	NA	0.0102	0.0	c11
na	403	A	Lys128Asn	NA	0.072	0.0	c11
na	528	G	Gly170Glu	NA	0.0468	0.0	c11
na	568	T	Cys183Cys	NA	0.0185	0.0	c11
na	667	T	Gly216Gly	NA	0.0386	0.0	c11
na	803	A	Ile262Val	NA	0.0	0.0851	c11
na	805	T	Ile262Ile	NA	0.0	0.0538	c11
na	813	T	Ile265Thr	NA	0.0368	0.0	c11
na	850	A	Glu277Glu	NA	0.0193	0.0	c11
na	882	G	Arg288Lys	NA	0.0146	0.0	c11
na	1032	A	Lys338Arg	NA	0.0	0.1135	c11
na	1073	T	Trp352Arg	NA	0.0117	0.0	c11
na	1215	A	Asp399Gly	NA	0.014	0.0	c11
na	1218	A	Asn400Ser	NA	0.0149	0.0	c11
na	1255	T	Val412Val	NA	0.0255	0.0	c11
na	1315	A	Gln432Gln	NA	0.0113	0.0	c11
na	1341	A	Asn441Ser	NA	0.0113	0.0	c11
np	241	A	Met66Val	NP	0.0112	0.0	c11
np	246	T	Val67Val	NP	0.0	0.0141	c11
np	445	A	Thr134Ala	NP	0.0	0.0117	c11
np	538	T	Ser165Pro	NP	0.0	0.0255	c11
np	579	T	Ala178Ala	NP	0.0	0.0137	c11
np	602	T	Val186Ala	NP	0.0154	0.0	c11
np	656	G	Arg204Gln	NP	0.0	0.0139	c11
np	737	A	Gln231Arg	NP	0.0	0.0294	c11
np	744	A	Ala233Ala	NP	0.0	0.0103	c11
np	817	T	Phe258Leu	NP	0.0103	0.0	c11
np	822	G	Leu259Leu	NP	0.0139	0.0	c11
np	893	T	Leu283Arg	NP	0.0	0.0108	c11
np	939	A	Leu298Leu	NP	0.0	0.0243	c11
np	965	T	Leu307Pro	NP	0.0	0.0622	c11
np	966	T	Leu307Leu	NP	0.0	0.0158	c11
np	1062	G	Glu339Glu	NP	0.0	0.0908	c11
np	1074	C	Val343Val	NP	0.0	0.0504	c11
np	1161	A	Glu372Glu	NP	0.011	0.0	c11
np	1195	A	Arg384Gly	NP	0.0	0.0147	c11
np	1242	G	Gln399Gln	NP	0.0131	0.0	c11
np	1303	T	Phe420Leu	NP	0.0	0.0149	c11
np	1342	A	Thr433Ala	NP	0.0	0.0293	c11
np	1361	A	Asp439Gly	NP	0.0	0.0174	c11
np	1379	T	Ile445Thr	NP	0.0	0.0109	c11
np	1532	A	Tyr496Cys	NP	0.0119	0.0	c11
ns	313	A	Glu96Val	NS1	0.0	0.0123	c11
ns	363	G	Gly113Arg	NS1	0.0	0.0114	c11
ns	519	T	Ser165Pro	NS1	0.0	0.0108	c11
ns	531	C	His169Tyr	NS1	0.0	0.0204	c11
ns	593	T	Asp189Asp	NS1	0.0	0.0139	c11
ns	676	A	Lys217Arg	NS1	0.0	0.0112	c11
ns	685	G	Gly63Arg	NEP	0.0	0.0123	c11
ns	702	A	Gln68Gln	NEP	0.0	0.017	c11
ns	779	T	Phe94Ser	NEP	0.0	0.0146	c11
ns	797	T	Met100Thr	NEP	0.0	0.0136	c11
ns	833	A	Glu112Gly	NEP	0.0	0.0205	c11
pa	96	T	Tyr24Tyr	PA	0.0199	0.0	c11
pa	116	A	Glu31Gly	PA	0.0354	0.0	c11
pa	153	A	Glu43Glu	PA	0.0	0.0206	c11
pa	155	T	Val44Ala	PA	0.0	0.0301	c11
pa	212	T	Val63Ala	PA	0.0	0.012	c11
pa	215	A	Glu64Gly	PA	0.0	0.0105	c11
pa	232	G	Ala70Thr	PA	0.0	0.0432	c11
pa	305	T	Ile94Thr	PA	0.0	0.0315	c11
pa	323	T	Val100Ala	PA	0.0	0.0143	c11
pa	391	A	Thr123Ser	PA	0.0	0.0106	c11
pa	473	T	Phe150Ser	PA	0.0	0.0919	c11
pa	550	T	Phe176Leu	PA	0.0	0.0147	c11
pa	559	G	Arg179Arg	PA	0.0	0.2732	c11
pa	561	T	Arg179Arg	PA	0.0	0.2864	c11
pa	638	T	Phe205Ser	PA	0.0198	0.0	c11
pa	958	A	Lys312Glu	PA	0.0256	0.0	c11
pa	1210	G	Asp396Tyr	PA	0.0371	0.0	c11
pa	1311	A	Gly429Gly	PA	0.0116	0.0	c11
pa	1355	A	Asn444Ser	PA	0.0135	0.0	c11
pa	1380	T	His452His	PA	0.0129	0.0	c11
pa	1395	A	Glu457Glu	PA	0.0137	0.0	c11
pa	1425	A	Thr467Thr	PA	0.0122	0.0	c11
pa	1489	T	Cys489Ser	PA	0.0883	0.2681	c11
pa	1499	A	Lys492Arg	PA	0.0143	0.0	c11
pa	1507	A	Arg495Gly	PA	0.0108	0.0	c11
pa	1520	A	Asn499Ser	PA	0.0	0.0193	c11
pa	1556	T	Leu511Ser	PA	0.0156	0.0	c11
pa	1563	T	Asn513Asn	PA	0.0173	0.0	c11
pa	1600	T	Ser526Pro	PA	0.0	0.0125	c11
pa	1638	A	Glu538Glu	PA	0.0104	0.0	c11
pa	1657	A	Ile545Val	PA	0.0119	0.0	c11
pa	1670	T	Leu549Pro	PA	0.0129	0.0	c11
pa	1674	G	Leu550Leu	PA	0.0116	0.0	c11
pa	1751	A	Lys576Arg	PA	0.0	0.0321	c11
pa	1778	T	Leu585Pro	PA	0.0158	0.0	c11
pa	1833	A	Lys603Lys	PA	0.0449	0.0	c11
pa	1850	A	Lys609Arg	PA	0.0203	0.0	c11
pa	1858	T	Phe612Leu	PA	0.018	0.0	c11
pa	1885	A	Ile621Val	PA	0.0309	0.0	c11
pa	1933	T	Cys637Arg	PA	0.0	0.0153	c11
pa	2099	A	Glu692Gly	PA	0.0	0.0259	c11
pa	2101	T	Cys693Arg	PA	0.0111	0.0	c11
pa	2108	T	Ile695Thr	PA	0.0129	0.0	c11
pb1	496	A	Asn158Asp	PB1	0.0	0.0583	c11
pb1	669	G	Lys215Lys	PB1	0.0603	0.0	c11
pb1	1133	C	Ala370Val	PB1	0.0	0.0519	c11
pb1	1370	T	Leu449Pro	PB1	0.0	0.0783	c11
pb1	1733	C	Thr570Ile	PB1	0.0625	0.0	c11
pb2	63	G	Ser12Ser	PB2	0.0	0.0615	c11
pb2	177	G	Met50Ile	PB2	0.0315	0.0	c11
pb2	518	T	Met164Thr	PB2	0.0	0.0393	c11
pb2	647	T	Leu207Ser	PB2	0.0369	0.0	c11
pb2	727	T	Leu234Leu	PB2	0.0	0.0557	c11
pb2	780	A	Arg251Arg	PB2	0.0	0.0666	c11
pb2	869	T	Leu281Pro	PB2	0.0181	0.0	c11
pb2	952	G	Asp309Asn	PB2	0.0147	0.0	c11
pb2	955	A	Ile310Val	PB2	0.0135	0.0	c11
pb2	1114	T	Phe363Leu	PB2	0.0141	0.0	c11
pb2	1165	A	Arg380Gly	PB2	0.0	0.0125	c11
pb2	1190	G	Gly388Glu	PB2	0.012	0.0	c11
pb2	1198	G	Glu391Stop	PB2	0.0	0.0129	c11
pb2	1282	A	Asn419Asp	PB2	0.0	0.0182	c11
pb2	1297	G	Ala424Thr	PB2	0.017	0.0	c11
pb2	1299	A	Ala424Ala	PB2	0.0151	0.0	c11
pb2	1306	A	Arg427Gly	PB2	0.0189	0.0	c11
pb2	1310	T	Leu428Ser	PB2	0.0128	0.0	c11
pb2	1323	T	His432His	PB2	0.0	0.0433	c11
pb2	1375	G	Gly450Arg	PB2	0.0456	0.0	c11
pb2	1405	A	Met460Val	PB2	0.0	0.0248	c11
pb2	1406	T	Met460Lys	PB2	0.0	0.0289	c11
pb2	1427	T	Met467Thr	PB2	0.0148	0.0	c11
pb2	1471	A	Lys482Glu	PB2	0.0	0.0287	c11
pb2	1502	A	Glu492Gly	PB2	0.0155	0.0	c11
pb2	1504	A	Arg493Gly	PB2	0.0159	0.0	c11
pb2	1565	T	Leu513Ser	PB2	0.0	0.0262	c11
pb2	1588	A	Thr521Ala	PB2	0.0142	0.0	c11
pb2	1657	T	Ser544Pro	PB2	0.0122	0.0	c11
pb2	1727	A	Asp567Gly	PB2	0.0	0.0132	c11
pb2	1748	A	Lys574Arg	PB2	0.0139	0.0	c11
pb2	1767	C	Phe580Phe	PB2	0.0	0.0193	c11
pb2	1804	A	Ser593Gly	PB2	0.0	0.0122	c11
pb2	1810	T	Phe595Leu	PB2	0.0	0.0737	c11
pb2	1815	G	Val596Val	PB2	0.0215	0.0	c11
pb2	1819	A	Thr598Ala	PB2	0.0131	0.0	c11
pb2	1826	T	Phe600Ser	PB2	0.0272	0.0	c11
pb2	1834	A	Met603Val	PB2	0.0188	0.0	c11
pb2	1835	T	Met603Thr	PB2	0.0184	0.0	c11
pb2	1978	G	Gly651Ser	PB2	0.0	0.0188	c11
pb2	2017	A	Arg664Gly	PB2	0.0	0.0149	c11
pb2	2126	A	Glu700Gly	PB2	0.0124	0.0	c11
pb2	2132	A	Lys702Arg	PB2	0.012	0.0	c11
pb2	2156	T	Ile710Thr	PB2	0.0113	0.0	c11
ha	56	T	Tyr9Tyr	HA	0.3009	0.0	c12
ha	235	A	Asn69Ser	HA	0.0109	0.0	c12
ha	253	T	Leu75Pro	HA	0.012	0.0	c12
ha	294	G	Asp89Asn	HA	0.012	0.0	c12
ha	950	A	Glu307Glu	HA	0.0108	0.0	c12
ha	1036	T	Met336Thr	HA	0.0109	0.0	c12
ha	1081	T	Ile351Lys	HA	0.2551	0.0	c12
ha	1214	G	Gly395Gly	HA	0.01	0.0	c12
ha	1240	C	Thr404Lys	HA	0.0124	0.0	c12
ha	1295	T	Ile422Ile	HA	0.0128	0.0	c12
ha	1457	A	Glu476Glu	HA	0.0102	0.0	c12
ha	1730	A	Stop567Trp	HA	0.0127	0.0	c12
mp	34	T	Leu3Leu	M1	0.0	0.012	c12
mp	49	A	Glu8Glu	M1	0.0	0.0105	c12
mp	109	T	Leu28Leu	M1	0.0	0.0128	c12
mp	111	A	Glu29Gly	M1	0.0	0.0112	c12
mp	113	G	Asp30Asn	M1	0.0	0.0104	c12
mp	427	G	Arg134Arg	M1	0.0908	0.1036	c12
mp	666	A	Gln214Arg	M1	0.0	0.0134	c12
mp	686	A	Thr221Ala	M1	0.0	0.0108	c12
mp	755	A	Met244Val	M1	0.0	0.0112	c12
mp	935	A	Glu74Glu	M2	0.0	0.0109	c12
mp	990	A	Asn93Asp	M2	0.0	0.0132	c12
na	318	T	Phe100Ser	NA	0.0224	0.0	c12
na	406	T	Cys129Cys	NA	0.0115	0.0	c12
na	468	A	His150Arg	NA	0.0128	0.0	c12
na	869	T	Tyr284His	NA	0.0115	0.0	c12
na	1005	A	Asp329Gly	NA	0.0127	0.0	c12
np	417	C	Asn124Asn	NP	0.0341	0.0	c12
np	596	A	Lys184Arg	NP	0.0	0.0171	c12
np	982	T	Phe313Leu	NP	0.0	0.0152	c12
np	1374	A	Glu443Glu	NP	0.0	0.0107	c12
np	1414	T	Ser457Pro	NP	0.0	0.0109	c12
np	1524	A	Ala493Ala	NP	0.01	0.0	c12
ns	211	A	Lys62Arg	NS1	0.0	0.0111	c12
ns	261	A	Met79Val	NS1	0.0	0.0104	c12
ns	835	A	Ile113Val	NEP	0.0	0.0125	c12
ns	863	A	Stop122Stop	NEP	0.0	0.0114	c12
ns	864	A	Stop122Stop	NEP	0.0115	0.0	c12
pa	35	T	Phe4Ser	PA	0.011	0.0	c12
pa	174	T	Asp50Asp	PA	0.0118	0.0	c12
pa	281	T	Met86Thr	PA	0.0125	0.0	c12
pa	349	T	Leu109Leu	PA	0.0114	0.0	c12
pa	816	A	Thr264Thr	PA	0.0122	0.0	c12
pa	895	A	Ser291Gly	PA	0.0114	0.0	c12
pa	1125	A	Lys367Lys	PA	0.0141	0.0	c12
pa	1156	A	Lys378Glu	PA	0.0134	0.0	c12
pa	1489	T	Cys489Ser	PA	0.0817	0.0	c12
pa	1519	A	Asn499Asp	PA	0.0117	0.0	c12
pa	1638	A	Glu538Glu	PA	0.0103	0.0	c12
pa	1858	T	Phe612Leu	PA	0.0101	0.0	c12
pa	1862	A	Glu613Gly	PA	0.0103	0.0	c12
pa	1963	A	Asn647Asp	PA	0.0118	0.0	c12
pa	2171	A	Lys716Arg	PA	0.0111	0.0	c12
pb2	213	A	Arg62Arg	PB2	0.0107	0.0	c12
pb2	228	C	Ile67Ile	PB2	0.2151	0.0	c12
pb2	369	T	Val114Val	PB2	0.0102	0.0	c12
pb2	1021	A	Arg332Gly	PB2	0.013	0.0	c12
pb2	1503	A	Glu492Glu	PB2	0.0115	0.0	c12
pb2	1593	A	Gln522Gln	PB2	0.0101	0.0	c12
pb2	1789	G	Ala588Thr	PB2	0.0371	0.0	c12
pb2	2055	G	Thr676Thr	PB2	0.0697	0.0	c12
pb2	2056	G	Glu677Lys	PB2	0.237	0.0	c12
pb2	2129	A	Asp701Gly	PB2	0.01	0.0	c12
ha	239	T	Asn70Asn	HA	0.1444	0.0	c13
ha	290	A	Leu87Leu	HA	0.0	0.0781	c13
ha	310	T	Ile94Thr	HA	0.0109	0.0	c13
ha	335	T	Leu102Leu	HA	0.0	0.1175	c13
ha	338	T	Phe103Leu	HA	0.022	0.0	c13
ha	348	A	Ser107Gly	HA	0.0153	0.0	c13
ha	435	T	Phe136Leu	HA	0.0233	0.0	c13
ha	449	T	Gly140Gly	HA	0.0157	0.0	c13
ha	453	A	Thr142Ala	HA	0.0125	0.0	c13
ha	558	T	Tyr177Asn	HA	0.0223	0.0	c13
ha	607	T	Leu193Ser	HA	0.0	0.1066	c13
ha	623	T	Val198Val	HA	0.0	0.2231	c13
ha	651	A	Thr208Ala	HA	0.0251	0.0	c13
ha	654	A	Ser209Gly	HA	0.0	0.0273	c13
ha	825	A	Asn266Asp	HA	0.0	0.1095	c13
ha	852	A	Lys275Glu	HA	0.0389	0.0	c13
ha	869	A	Lys280Lys	HA	0.0151	0.0	c13
ha	890	T	Asp287Asp	HA	0.0	0.1317	c13
ha	962	A	Gln311Gln	HA	0.0	0.0476	c13
ha	988	C	Ala320Val	HA	0.011	0.0	c13
ha	994	C	Pro322Leu	HA	0.3415	0.0	c13
ha	997	A	Lys323Arg	HA	0.0	0.0289	c13
ha	1003	T	Val325Ala	HA	0.0113	0.0	c13
ha	1081	T	Ile351Lys	HA	0.2758	0.3313	c13
ha	1088	T	Gly353Gly	HA	0.0104	0.0	c13
ha	1116	G	Val363Ile	HA	0.0	0.0129	c13
ha	1147	A	Asn373Ser	HA	0.0	0.0129	c13
ha	1165	A	Gln379Arg	HA	0.0	0.0104	c13
ha	1226	A	Arg399Arg	HA	0.0	0.2359	c13
ha	1318	A	Glu430Gly	HA	0.0	0.0467	c13
ha	1394	A	Leu455Leu	HA	0.0	0.0141	c13
ha	1416	T	Leu463Leu	HA	0.0	0.0112	c13
ha	1437	C	Gln470Stop	HA	0.0	0.0162	c13
ha	1439	A	Gln470Gln	HA	0.0143	0.0	c13
ha	1441	T	Leu471Pro	HA	0.0	0.0111	c13
ha	1578	C	Gln517Stop	HA	0.0	0.0345	c13
ha	1609	A	Tyr527Cys	HA	0.0116	0.0	c13
ha	1631	T	Ile534Ile	HA	0.0107	0.0	c13
ha	1646	A	Ser539Ser	HA	0.011	0.0	c13
ha	1706	T	Asn559Asn	HA	0.0	0.0235	c13
mp	62	T	Ser13Thr	M1	0.0	0.0198	c13
mp	86	A	Lys21Glu	M1	0.0	0.0359	c13
mp	96	T	Ile24Thr	M1	0.0	0.0124	c13
mp	98	G	Ala25Thr	M1	0.0153	0.0	c13
mp	108	T	Leu28Pro	M1	0.0	0.0582	c13
mp	114	A	Asp30Gly	M1	0.011	0.0	c13
mp	129	A	Lys35Ile	M1	0.0182	0.0	c13
mp	131	A	Asn36Asp	M1	0.0	0.0233	c13
mp	209	T	Phe62Leu	M1	0.0	0.0169	c13
mp	215	T	Phe64Leu	M1	0.0	0.0119	c13
mp	233	A	Ser70Gly	M1	0.0	0.0122	c13
mp	384	C	Ser120Leu	M1	0.0	0.0328	c13
mp	401	A	Ser126Gly	M1	0.0105	0.0	c13
mp	422	A	Asn133Asp	M1	0.0109	0.0	c13
mp	491	G	Asp156Asn	M1	0.0163	0.0	c13
mp	545	A	Arg174Gly	M1	0.0148	0.0	c13
mp	640	T	Val205Val	M1	0.0349	0.0295	c13
mp	711	T	Leu229Pro	M1	0.0167	0.0	c13
mp	714	A	Lys230Arg	M1	0.019	0.0	c13
mp	808	T	Ile32Thr	M2	0.0	0.014	c13
mp	852	T	Phe47Leu	M2	0.0	0.01	c13
mp	896	A	Arg61Arg	M2	0.0112	0.0	c13
na	36	A	Lys6Arg	NA	0.0	0.0149	c13
na	39	T	Ile7Thr	NA	0.0463	0.0	c13
na	55	T	Ser12Ser	NA	0.0116	0.0	c13
na	95	A	Ile26Val	NA	0.0	0.0232	c13
na	208	A	Thr63Thr	NA	0.0262	0.0	c13
na	210	A	Glu64Gly	NA	0.0	0.0112	c13
na	234	C	Thr72Ile	NA	0.0278	0.0	c13
na	323	A	Lys102Glu	NA	0.0	0.0162	c13
na	327	A	Asp103Gly	NA	0.0649	0.0	c13
na	351	G	Gly111Asp	NA	0.0	0.0103	c13
na	361	T	Ile114Ile	NA	0.0832	0.0	c13
na	368	A	Thr117Ala	NA	0.0279	0.0	c13
na	386	T	Ser123Pro	NA	0.0	0.0513	c13
na	414	T	Phe132Ser	NA	0.0	0.0113	c13
na	415	T	Phe132Phe	NA	0.0	0.0326	c13
na	417	C	Ala133Val	NA	0.0101	0.0	c13
na	457	C	Asn146Asn	NA	0.0	0.0227	c13
na	471	A	Asp151Gly	NA	0.0238	0.0	c13
na	545	A	Ile176Val	NA	0.0	0.0148	c13
na	559	T	Ser180Ser	NA	0.0581	0.0	c13
na	560	T	Ser181Pro	NA	0.0	0.0102	c13
na	580	A	Lys187Lys	NA	0.0	0.012	c13
na	591	A	His191Arg	NA	0.0	0.0315	c13
na	595	T	Val192Val	NA	0.0	0.0152	c13
na	596	T	Cys193Arg	NA	0.0	0.0384	c13
na	638	T	Tyr207His	NA	0.0385	0.0	c13
na	670	A	Ser217Ser	NA	0.0	0.011	c13
na	780	T	Ile254Thr	NA	0.0178	0.0	c13
na	802	A	Lys261Lys	NA	0.0	0.1035	c13
na	835	T	Ala272Ala	NA	0.0	0.0163	c13
na	877	T	Asn286Asn	NA	0.0104	0.0	c13
na	983	G	Val322Ile	NA	0.0	0.0102	c13
na	1073	T	Trp352Arg	NA	0.0	0.0139	c13
na	1086	A	Asn356Ser	NA	0.0123	0.0	c13
na	1124	G	Asp369Asn	NA	0.0	0.0175	c13
na	1159	T	Ile380Ile	NA	0.0	0.0299	c13
na	1172	A	Thr385Ser	NA	0.0	0.0366	c13
na	1191	A	Gln391Arg	NA	0.0	0.0378	c13
na	1206	T	Val396Ala	NA	0.0	0.0104	c13
na	1258	A	Glu413Glu	NA	0.1066	0.0	c13
na	1263	A	Lys415Arg	NA	0.0134	0.0	c13
np	65	A	Lys7Arg	NP	0.0111	0.0	c13
np	66	A	Lys7Lys	NP	0.0	0.0162	c13
np	90	T	Thr15Thr	NP	0.0231	0.0	c13
np	195	C	Ser50Ser	NP	0.0189	0.0	c13
np	218	A	Gln58Arg	NP	0.0	0.0595	c13
np	257	T	Phe71Ser	NP	0.0	0.0115	c13
np	325	G	Gly94Ser	NP	0.0157	0.0	c13
np	353	A	Lys103Arg	NP	0.0	0.0203	c13
np	408	T	Arg121Arg	NP	0.0	0.0108	c13
np	417	C	Asn124Lys	NP	0.0332	0.0	c13
np	450	T	His135His	NP	0.0222	0.0	c13
np	459	C	Ile138Ile	NP	0.0265	0.0	c13
np	480	T	Asp145Asp	NP	0.0137	0.0	c13
np	506	T	Leu154Pro	NP	0.0	0.0273	c13
np	525	T	Asp160Asp	NP	0.0229	0.0	c13
np	538	T	Ser165Thr	NP	0.0108	0.0	c13
np	570	A	Arg175Arg	NP	0.0803	0.0	c13
np	604	G	Gly187Arg	NP	0.0247	0.0	c13
np	671	G	Gly209Asp	NP	0.0137	0.0	c13
np	685	A	Arg214Arg	NP	0.0	0.0117	c13
np	695	T	Ile217Thr	NP	0.0	0.0445	c13
np	701	A	Tyr219Ser	NP	0.0	0.0942	c13
np	739	A	Thr232Ala	NP	0.0172	0.0	c13
np	962	T	Leu306Pro	NP	0.0	0.0184	c13
np	1002	T	Asn319Asn	NP	0.0	0.0138	c13
np	1116	A	Gln357Gln	NP	0.0	0.0107	c13
np	1162	A	Lys373Glu	NP	0.0107	0.0	c13
np	1210	A	Arg389Trp	NP	0.0102	0.0	c13
np	1293	A	Arg416Arg	NP	0.0105	0.0	c13
np	1503	T	Ser486Ser	NP	0.0121	0.0	c13
np	1507	T	Phe488Leu	NP	0.0	0.011	c13
np	1526	A	Glu494Gly	NP	0.0	0.0294	c13
ns	136	G	Arg37Leu	NS1	0.023	0.0	c13
ns	252	G	Ala76Thr	NS1	0.0299	0.0	c13
ns	264	A	Thr80Ala	NS1	0.0254	0.0	c13
ns	274	C	Ser83Stop	NS1	0.0	0.0414	c13
ns	297	A	Thr91Ala	NS1	0.0	0.02	c13
ns	399	G	Asp125Asn	NS1	0.0114	0.0	c13
ns	427	T	Phe134Ser	NS1	0.0	0.0443	c13
ns	524	T	Leu166Leu	NS1	0.0156	0.0	c13
ns	552	A	Asn176Asp	NS1	0.0	0.0166	c13
ns	568	T	Leu181Pro	NS1	0.0	0.0286	c13
ns	668	C	Leu214Leu	NS1	0.0	0.0301	c13
ns	724	A	Ile76Val	NEP	0.0	0.0145	c13
ns	819	T	Leu107Leu	NEP	0.0	0.0127	c13
ns	863	A	Stop122Stop	NEP	0.0103	0.0	c13
pa	29	A	Glu2Gly	PA	0.0	0.0312	c13
pa	41	G	Arg6Ile	PA	0.0113	0.0	c13
pa	63	T	Ile13Ile	PA	0.0148	0.0	c13
pa	148	T	Leu42Leu	PA	0.0	0.0148	c13
pa	150	G	Leu42Leu	PA	0.0757	0.0	c13
pa	174	T	Asp50Asp	PA	0.0263	0.0	c13
pa	201	A	Glu59Glu	PA	0.0	0.0187	c13
pa	242	A	Lys73Arg	PA	0.0	0.0114	c13
pa	300	T	Asn92Asn	PA	0.0173	0.0	c13
pa	324	C	Val100Val	PA	0.0355	0.0	c13
pa	327	G	Glu101Asp	PA	0.0125	0.0	c13
pa	338	T	Phe105Ser	PA	0.0	0.0146	c13
pa	348	T	Asp108Asp	PA	0.0107	0.0	c13
pa	400	G	Glu126Lys	PA	0.0189	0.0	c13
pa	424	A	Lys134Glu	PA	0.0	0.036	c13
pa	449	A	Lys142Arg	PA	0.0	0.016	c13
pa	458	T	Ile145Thr	PA	0.0116	0.0	c13
pa	467	T	Phe148Ser	PA	0.0	0.0193	c13
pa	526	C	Arg168Stop	PA	0.0221	0.0	c13
pa	604	T	Ser194Pro	PA	0.0	0.0179	c13
pa	608	A	Glu195Gly	PA	0.0124	0.0	c13
pa	630	A	Glu202Glu	PA	0.0	0.0162	c13
pa	689	A	Asn222Ser	PA	0.0105	0.0	c13
pa	710	T	Phe229Ser	PA	0.02	0.0	c13
pa	714	A	Arg230Arg	PA	0.0	0.0389	c13
pa	887	T	Leu288Gln	PA	0.011	0.0	c13
pa	889	A	Lys289Glu	PA	0.0	0.0325	c13
pa	917	A	Glu298Gly	PA	0.0	0.0125	c13
pa	964	T	Phe314Leu	PA	0.0123	0.0	c13
pa	990	A	Ile322Met	PA	0.0	0.0214	c13
pa	991	A	Ile323Val	PA	0.0107	0.0	c13
pa	995	A	Lys324Arg	PA	0.0	0.0192	c13
pa	1040	A	Lys339Arg	PA	0.0	0.0265	c13
pa	1041	A	Lys339Lys	PA	0.0179	0.0	c13
pa	1123	A	Lys367Glu	PA	0.0	0.0178	c13
pa	1163	A	Asp380Gly	PA	0.0147	0.0	c13
pa	1166	T	Phe381Ser	PA	0.0	0.0156	c13
pa	1174	T	Cys384Arg	PA	0.0	0.0171	c13
pa	1195	A	Lys391Glu	PA	0.0	0.015	c13
pa	1215	G	Glu397Glu	PA	0.0	0.0426	c13
pa	1300	G	Asp426Asn	PA	0.0	0.0385	c13
pa	1320	T	Ile432Ile	PA	0.0153	0.0	c13
pa	1342	A	Ser440Gly	PA	0.0	0.0134	c13
pa	1354	A	Asn444Asp	PA	0.0	0.0222	c13
pa	1360	T	Phe446Leu	PA	0.0112	0.0	c13
pa	1365	A	Thr447Thr	PA	0.0	0.0128	c13
pa	1373	T	Val450Ala	PA	0.0251	0.0	c13
pa	1374	G	Val450Val	PA	0.0	0.0227	c13
pa	1381	T	Cys453Arg	PA	0.0	0.0129	c13
pa	1395	A	Glu457Glu	PA	0.0111	0.0	c13
pa	1473	T	Ile483Ile	PA	0.0105	0.0	c13
pa	1489	T	Cys489Ser	PA	0.0661	0.2085	c13
pa	1495	A	Thr491Pro	PA	0.0	0.0169	c13
pa	1507	A	Arg495Gly	PA	0.0	0.0211	c13
pa	1569	T	Thr515Thr	PA	0.0571	0.0	c13
pa	1577	T	Val518Ala	PA	0.0102	0.0	c13
pa	1635	G	Trp537Stop	PA	0.018	0.0	c13
pa	1638	A	Glu538Glu	PA	0.0	0.0104	c13
pa	1751	A	Lys576Arg	PA	0.0	0.0135	c13
pa	1824	T	Ser600Ser	PA	0.0141	0.0	c13
pa	1853	A	Glu610Ala	PA	0.0	0.0136	c13
pa	1873	G	Glu617Lys	PA	0.0107	0.0	c13
pa	1879	T	Trp619Arg	PA	0.0	0.0309	c13
pa	1934	G	Cys637Ser	PA	0.0	0.0123	c13
pa	1961	T	Phe646Ser	PA	0.0137	0.0	c13
pa	2048	A	Asn675Ser	PA	0.0151	0.0	c13
pa	2143	T	Phe707Leu	PA	0.0168	0.0	c13
pb1	172	T	Ser50Pro	PB1	0.0	0.0205	c13
pb1	186	A	Lys54Lys	PB1	0.0	0.0262	c13
pb1	236	G	Gly71Glu	PB1	0.0248	0.0	c13
pb1	237	A	Gly71Gly	PB1	0.0103	0.0	c13
pb1	311	A	Glu96Gly	PB1	0.0	0.0153	c13
pb1	343	T	Cys107Arg	PB1	0.0	0.025	c13
pb1	441	T	Ala139Ala	PB1	0.0	0.0199	c13
pb1	482	A	Asn153Ser	PB1	0.0	0.0395	c13
pb1	524	T	Leu167Pro	PB1	0.0113	0.0	c13
pb1	566	T	Ile181Thr	PB1	0.0	0.0163	c13
pb1	569	C	Thr182Ile	PB1	0.0691	0.1496	c13
pb1	577	T	Phe185Leu	PB1	0.0134	0.0	c13
pb1	580	C	Gln186Stop	PB1	0.0	0.0288	c13
pb1	643	A	Lys207Glu	PB1	0.029	0.0	c13
pb1	650	A	Lys209Arg	PB1	0.0152	0.0	c13
pb1	659	T	Leu212Pro	PB1	0.0	0.0215	c13
pb1	670	A	Asn216Asp	PB1	0.0	0.0716	c13
pb1	697	A	Asn225Asp	PB1	0.0	0.0145	c13
pb1	704	T	Met227Thr	PB1	0.0	0.0218	c13
pb1	756	C	Pro244Pro	PB1	0.0437	0.0	c13
pb1	763	C	Gln247Lys	PB1	0.0197	0.0	c13
pb1	775	T	Phe251Leu	PB1	0.046	0.0	c13
pb1	804	A	Arg260Arg	PB1	0.0	0.0194	c13
pb1	961	C	Gln313Lys	PB1	0.0103	0.0	c13
pb1	1082	A	Lys353Ile	PB1	0.0169	0.0	c13
pb1	1098	G	Glu358Glu	PB1	0.017	0.0	c13
pb1	1105	A	Asn361Asp	PB1	0.0	0.0258	c13
pb1	1165	T	Phe381Leu	PB1	0.012	0.0	c13
pb1	1173	A	Glu383Glu	PB1	0.0	0.0117	c13
pb1	1182	A	Arg386Arg	PB1	0.031	0.0	c13
pb1	1184	A	Lys387Arg	PB1	0.0	0.0153	c13
pb1	1197	A	Lys391Lys	PB1	0.0	0.0114	c13
pb1	1217	A	Asp398Gly	PB1	0.0168	0.0	c13
pb1	1286	T	Val421Ala	PB1	0.0157	0.0	c13
pb1	1308	A	Gln428Gln	PB1	0.0226	0.0	c13
pb1	1341	T	Asp439Glu	PB1	0.0146	0.0	c13
pb1	1386	A	Pro454Pro	PB1	0.0	0.0318	c13
pb1	1388	A	Asn455Ser	PB1	0.0112	0.0	c13
pb1	1389	T	Asn455Asn	PB1	0.0	0.0477	c13
pb1	1423	T	Tyr467His	PB1	0.0179	0.0	c13
pb1	1459	A	Lys479Glu	PB1	0.0	0.0166	c13
pb1	1479	T	Asn485Asn	PB1	0.0288	0.0	c13
pb1	1513	T	Tyr497His	PB1	0.0	0.0457	c13
pb1	1612	A	Ile530Val	PB1	0.0	0.0246	c13
pb1	1618	A	Asn532Asp	PB1	0.0254	0.0	c13
pb1	1709	A	His562Arg	PB1	0.022	0.0	c13
pb1	1727	T	Ile568Thr	PB1	0.0302	0.0	c13
pb1	1776	T	Arg584Arg	PB1	0.0	0.0129	c13
pb1	1785	A	Ala587Ala	PB1	0.0	0.0156	c13
pb1	1788	A	Gly588Gly	PB1	0.0106	0.0	c13
pb1	1847	A	Glu608Gly	PB1	0.0	0.0111	c13
pb1	1850	T	Val609Ala	PB1	0.0	0.0107	c13
pb1	1859	A	Lys612Arg	PB1	0.0114	0.0	c13
pb1	1886	A	Gln621Arg	PB1	0.0297	0.0	c13
pb1	1919	T	Val632Ala	PB1	0.0	0.015	c13
pb1	1925	A	His634Leu	PB1	0.0	0.0613	c13
pb1	1933	A	Ile637Val	PB1	0.0	0.0128	c13
pb1	1937	A	Glu638Gly	PB1	0.0104	0.0	c13
pb1	2046	T	Ile674Ile	PB1	0.0112	0.0	c13
pb1	2102	G	Cys693Tyr	PB1	0.0	0.0578	c13
pb1	2199	T	Asp725Asp	PB1	0.0418	0.0	c13
pb1	2271	C	Thr749Thr	PB1	0.1284	0.0	c13
pb2	228	T	Ile67Ile	PB2	0.0163	0.0	c13
pb2	243	A	Glu72Glu	PB2	0.0132	0.0	c13
pb2	303	T	Ser92Ser	PB2	0.0	0.015	c13
pb2	359	A	Tyr111Cys	PB2	0.0532	0.0	c13
pb2	368	T	Val114Ala	PB2	0.0182	0.0	c13
pb2	395	A	Glu123Gly	PB2	0.0106	0.0174	c13
pb2	431	T	Phe135Ser	PB2	0.0134	0.0	c13
pb2	443	T	Val139Ala	PB2	0.0154	0.0	c13
pb2	450	A	Ile141Met	PB2	0.0225	0.0	c13
pb2	498	A	Lys157Lys	PB2	0.0	0.0152	c13
pb2	540	A	Glu171Glu	PB2	0.0146	0.0	c13
pb2	546	A	Gly173Gly	PB2	0.0	0.024	c13
pb2	580	A	Ile185Val	PB2	0.1275	0.0	c13
pb2	603	A	Glu192Glu	PB2	0.0101	0.0	c13
pb2	675	G	Arg216Arg	PB2	0.0	0.0419	c13
pb2	697	A	Thr224Ala	PB2	0.0138	0.0	c13
pb2	785	A	Asp253Gly	PB2	0.0185	0.0	c13
pb2	801	T	Ser258Ser	PB2	0.0	0.0101	c13
pb2	852	T	Asp275Asp	PB2	0.0179	0.0	c13
pb2	889	C	Gln288Stop	PB2	0.0106	0.0	c13
pb2	991	T	Ser322Pro	PB2	0.0137	0.0	c13
pb2	1063	A	Thr346Ala	PB2	0.0229	0.0	c13
pb2	1073	T	Leu349Pro	PB2	0.0223	0.0	c13
pb2	1150	A	Arg375Gly	PB2	0.0	0.0132	c13
pb2	1157	C	Ala377Val	PB2	0.0	0.0353	c13
pb2	1208	T	Ile394Thr	PB2	0.0565	0.0	c13
pb2	1248	G	Glu407Glu	PB2	0.3666	0.3838	c13
pb2	1315	C	Pro430Ser	PB2	0.0899	0.0	c13
pb2	1348	G	Asp441Asn	PB2	0.0136	0.0	c13
pb2	1358	T	Val444Ala	PB2	0.0141	0.0	c13
pb2	1418	T	Leu464Stop	PB2	0.0365	0.0	c13
pb2	1500	T	Thr491Thr	PB2	0.0134	0.0	c13
pb2	1536	G	Arg503Arg	PB2	0.0	0.0128	c13
pb2	1560	A	Ile511Met	PB2	0.0268	0.0	c13
pb2	1589	C	Thr521Ile	PB2	0.0	0.0371	c13
pb2	1687	A	Ile554Val	PB2	0.0175	0.0	c13
pb2	1708	A	Lys561Glu	PB2	0.0	0.0128	c13
pb2	1741	T	Tyr572His	PB2	0.0	0.0198	c13
pb2	1809	A	Gly594Gly	PB2	0.0	0.0255	c13
pb2	1812	T	Phe595Phe	PB2	0.0	0.0228	c13
pb2	1924	T	Phe633Leu	PB2	0.0	0.0326	c13
pb2	1947	G	Val640Val	PB2	0.1025	0.1465	c13
pb2	1948	A	Arg641Gly	PB2	0.0	0.0535	c13
pb2	1966	A	Ile647Val	PB2	0.0	0.0118	c13
pb2	2057	A	Glu677Gly	PB2	0.0	0.0186	c13
pb2	2073	A	Gly682Gly	PB2	0.0	0.02	c13
pb2	2113	A	Ile696Val	PB2	0.0	0.0258	c13
pb2	2131	A	Lys702Glu	PB2	0.0178	0.0	c13
pb2	2167	A	Ile714Val	PB2	0.0139	0.0	c13
ha	1081	T	Ile351Lys	HA	0.3312	0.3584	c14
ha	1088	T	Gly353Gly	HA	0.013	0.0	c14
ha	1204	A	Gln392Pro	HA	0.0295	0.0	c14
ha	1224	A	Arg399Gly	HA	0.0	0.013	c14
ha	1316	T	Val429Val	HA	0.0111	0.0	c14
ha	1387	T	Ile453Thr	HA	0.0	0.0476	c14
ha	1403	A	Ser458Ser	HA	0.0104	0.0	c14
ha	1406	A	Glu459Glu	HA	0.0209	0.0	c14
ha	1433	G	Arg468Arg	HA	0.0	0.0753	c14
ha	1449	A	Asn474Asp	HA	0.0	0.0202	c14
ha	1469	T	Asn480Asn	HA	0.0225	0.0	c14
ha	1499	C	Asp490Asp	HA	0.0	0.0156	c14
ha	1518	A	Ile497Val	HA	0.0	0.0231	c14
ha	1646	A	Ser539Ser	HA	0.0	0.0129	c14
ha	1657	T	Leu543Pro	HA	0.0103	0.0	c14
mp	1007	A	Stop98Stop	M2	0.0117	0.0	c14
na	78	T	Val20Ala	NA	0.0101	0.0	c14
na	82	T	Cys21Cys	NA	0.0173	0.0	c14
na	83	T	Phe22Leu	NA	0.0149	0.0	c14
na	87	T	Leu23Pro	NA	0.0104	0.0	c14
na	113	A	Thr32Ala	NA	0.0	0.0485	c14
na	128	T	Phe37Leu	NA	0.0107	0.0	c14
na	135	A	Gln39Pro	NA	0.0	0.0228	c14
na	179	A	Lys54Glu	NA	0.0134	0.0	c14
na	236	A	Ile73Leu	NA	0.0	0.0224	c14
na	312	C	Ala98Val	NA	0.0	0.0226	c14
na	432	C	Thr138Ser	NA	0.0	0.03	c14
na	752	A	Ser245Gly	NA	0.0	0.0158	c14
na	800	A	Lys261Glu	NA	0.0	0.0256	c14
na	842	A	Ile275Val	NA	0.0101	0.0	c14
na	868	A	Gln283Gln	NA	0.0	0.0128	c14
na	1266	G	Ser416Asn	NA	0.0	0.0272	c14
na	1348	T	Ile443Ile	NA	0.0	0.0157	c14
na	1411	T	Ile464Ile	NA	0.0121	0.0	c14
na	1418	A	Met467Val	NA	0.0	0.034	c14
np	561	A	Leu172Leu	NP	0.0	0.0153	c14
np	708	A	Arg221Arg	NP	0.0	0.0116	c14
np	833	C	Ala263Gly	NP	0.0	0.0201	c14
np	870	C	Cys275Stop	NP	0.0	0.0162	c14
np	1031	T	Val329Ala	NP	0.0	0.0101	c14
np	1089	A	Arg348Arg	NP	0.0	0.0144	c14
np	1125	C	Thr360Thr	NP	0.0	0.0125	c14
np	1201	T	Trp386Arg	NP	0.0	0.0137	c14
np	1293	A	Arg416Arg	NP	0.0	0.0147	c14
np	1524	A	Ala493Ala	NP	0.0	0.0111	c14
np	1542	A	Stop499Stop	NP	0.0172	0.0	c14
pa	212	T	Val63Glu	PA	0.0	0.1259	c14
pa	214	G	Glu64Gln	PA	0.0	0.1387	c14
pa	216	A	Glu64Asp	PA	0.0	0.1429	c14
pa	219	T	His65His	PA	0.0	0.1223	c14
pa	220	G	Gly66Ser	PA	0.0	0.1324	c14
pa	222	T	Gly66Gly	PA	0.0	0.127	c14
pa	223	G	Asp67Asn	PA	0.0	0.125	c14
pa	224	A	Asp67Gly	PA	0.0	0.1452	c14
pa	225	C	Asp67Asp	PA	0.0	0.1259	c14
pa	227	C	Pro68Arg	PA	0.0	0.1319	c14
pa	229	A	Asn69Asp	PA	0.0	0.1367	c14
pa	231	T	Asn69Lys	PA	0.0	0.1301	c14
pa	235	T	Leu71Leu	PA	0.0	0.1319	c14
pa	480	A	Gly152Gly	PA	0.0162	0.0	c14
pa	629	A	Glu202Gly	PA	0.0133	0.0	c14
pa	1359	T	Tyr445Tyr	PA	0.0576	0.0	c14
pa	1489	T	Cys489Ser	PA	0.0977	0.3577	c14
pa	1541	A	Lys506Arg	PA	0.0102	0.0	c14
pa	1564	G	Asp514Tyr	PA	0.0	0.0171	c14
pa	1584	T	Phe520Phe	PA	0.0	0.0171	c14
pa	1617	G	Arg531Arg	PA	0.0145	0.0	c14
pa	1645	T	Cys541Arg	PA	0.0	0.015	c14
pa	1654	G	Glu544Lys	PA	0.0157	0.0	c14
pa	1751	A	Lys576Arg	PA	0.0112	0.0	c14
pa	1858	T	Phe612Leu	PA	0.0114	0.0	c14
pa	1961	T	Phe646Ser	PA	0.0	0.0196	c14
pa	2046	C	Asp674Asp	PA	0.0	0.0248	c14
pa	2076	A	Glu684Glu	PA	0.0113	0.0	c14
pb2	309	A	Leu94Leu	PB2	0.012	0.0	c14
pb2	425	T	Val133Ala	PB2	0.0169	0.0	c14
pb2	1028	A	Asn334Ser	PB2	0.011	0.0	c14
pb2	1059	G	Met344Ile	PB2	0.0266	0.0	c14
pb2	1333	A	Arg436Gly	PB2	0.0114	0.0	c14
pb2	1364	T	Phe446Ser	PB2	0.0106	0.0	c14
pb2	1604	A	Lys526Arg	PB2	0.0107	0.0	c14
pb2	1761	A	Glu578Glu	PB2	0.0109	0.0	c14
pb2	1812	T	Phe595Phe	PB2	0.0106	0.0	c14
ha	313	T	Phe95Ser	HA	0.019	0.0	c15
ha	318	A	Asn97Asp	HA	0.0153	0.0	c15
ha	497	A	Lys156Lys	HA	0.029	0.0	c15
ha	498	A	Arg157Gly	HA	0.0689	0.0	c15
ha	531	A	Asn168Asp	HA	0.0256	0.0	c15
ha	584	A	Pro185Pro	HA	0.012	0.0	c15
ha	651	A	Thr208Ala	HA	0.0125	0.0	c15
ha	950	A	Glu307Glu	HA	0.0172	0.0	c15
ha	983	C	Tyr318Tyr	HA	0.1045	0.0	c15
ha	1081	T	Ile351Lys	HA	0.0	0.1056	c15
ha	1120	A	Asp364Gly	HA	0.0	0.0529	c15
ha	1138	G	Arg370Lys	HA	0.0	0.0462	c15
ha	1294	T	Ile422Thr	HA	0.0201	0.0	c15
ha	1310	A	Lys427Lys	HA	0.0168	0.0	c15
ha	1321	A	Asp431Gly	HA	0.0264	0.0	c15
ha	1400	T	Asp457Asp	HA	0.0	0.0523	c15
ha	1434	A	Arg469Gly	HA	0.0154	0.0	c15
ha	1562	A	Ala511Ala	HA	0.0283	0.0	c15
ha	1676	T	Gly549Gly	HA	0.0262	0.0	c15
mp	44	G	Val7Leu	M1	0.0	0.0184	c15
mp	62	T	Ser13Pro	M1	0.0164	0.0	c15
mp	165	A	Lys47Arg	M1	0.0156	0.0	c15
mp	201	T	Ile59Thr	M1	0.0103	0.0	c15
mp	202	T	Ile59Ile	M1	0.011	0.0	c15
mp	247	G	Leu74Leu	M1	0.0	0.0159	c15
mp	267	A	Gln81Arg	M1	0.017	0.0	c15
mp	351	T	Phe109Ser	M1	0.0104	0.0	c15
mp	403	T	Ser126Ser	M1	0.0	0.0185	c15
mp	441	C	Thr139Ser	M1	0.0	0.0352	c15
mp	456	T	Phe144Ser	M1	0.0	0.0109	c15
mp	634	G	Met203Ile	M1	0.0197	0.0	c15
mp	643	C	Ala206Ala	M1	0.0	0.0159	c15
mp	671	A	Met216Val	M1	0.0	0.0142	c15
mp	730	A	Glu235Glu	M1	0.0	0.0175	c15
mp	788	T	Pro25Pro	M2	0.0	0.0215	c15
mp	790	T	Leu26Pro	M2	0.0	0.0202	c15
mp	829	T	Ile39Thr	M2	0.0	0.0284	c15
mp	831	T	Leu40Leu	M2	0.0	0.0325	c15
mp	860	A	Lys49Lys	M2	0.0	0.0185	c15
mp	866	T	Ile51Ile	M2	0.0	0.0374	c15
mp	883	A	Tyr57Cys	M2	0.0	0.0292	c15
mp	984	T	Phe91Leu	M2	0.0	0.0102	c15
na	125	T	Tyr36His	NA	0.0208	0.0	c15
na	128	T	Phe37Leu	NA	0.023	0.0	c15
na	163	T	Ser48Ser	NA	0.0108	0.0	c15
na	199	G	Arg60Arg	NA	0.0123	0.0	c15
na	204	T	Ile62Thr	NA	0.0424	0.0	c15
na	226	T	Asn69Asn	NA	0.0353	0.0	c15
na	232	T	Thr71Thr	NA	0.0263	0.0	c15
na	237	T	Ile73Thr	NA	0.0275	0.0	c15
na	250	T	Ile77Ile	NA	0.0122	0.0	c15
na	254	T	Ser79Pro	NA	0.0115	0.0	c15
na	269	T	Tyr84His	NA	0.0256	0.0	c15
na	330	A	Asn104Ser	NA	0.0107	0.0	c15
na	338	C	Arg107Stop	NA	0.0404	0.0	c15
na	401	A	Lys128Glu	NA	0.0	0.0236	c15
na	610	T	Asp197Asp	NA	0.0	0.0234	c15
na	639	A	Tyr207Cys	NA	0.0151	0.0	c15
na	661	T	Ser214Ser	NA	0.0	0.0369	c15
na	663	T	Ile215Thr	NA	0.0122	0.0	c15
na	680	A	Asn221Asp	NA	0.0255	0.0	c15
na	687	T	Leu223Pro	NA	0.0105	0.1546	c15
na	712	T	Val231Val	NA	0.0	0.0242	c15
na	764	A	Arg249Gly	NA	0.0114	0.0	c15
na	897	A	Asp293Gly	NA	0.0119	0.0	c15
na	939	T	Met307Thr	NA	0.0331	0.0	c15
na	1062	G	Gly348Glu	NA	0.0	0.0376	c15
na	1138	T	Gly373Gly	NA	0.0488	0.0	c15
na	1261	C	Gly414Gly	NA	0.0143	0.0	c15
na	1300	A	Ile427Met	NA	0.0183	0.0	c15
np	270	A	Arg75Arg	NP	0.0	0.0174	c15
np	274	A	Lys77Glu	NP	0.0	0.0109	c15
np	308	A	Asp88Gly	NP	0.0	0.01	c15
np	369	G	Leu108Leu	NP	0.0	0.0146	c15
np	371	T	Val109Ala	NP	0.0104	0.0	c15
np	450	T	His135His	NP	0.0	0.0113	c15
np	471	C	Asn142Asn	NP	0.0224	0.0	c15
np	480	T	Asp145Asp	NP	0.0137	0.0	c15
np	573	A	Ser176Ser	NP	0.0252	0.0	c15
np	615	G	Val190Val	NP	0.0	0.0538	c15
np	699	A	Ala218Ala	NP	0.0	0.0108	c15
np	788	C	Pro248Leu	NP	0.0243	0.0	c15
np	817	T	Phe258Leu	NP	0.0	0.0101	c15
np	831	T	Ser262Ser	NP	0.0	0.0107	c15
np	846	A	Arg267Arg	NP	0.0	0.0111	c15
np	965	T	Leu307Pro	NP	0.0111	0.0	c15
np	1051	G	Ala336Thr	NP	0.0	0.036	c15
np	1131	A	Gly362Gly	NP	0.0	0.0214	c15
np	1148	A	Asn368Ser	NP	0.0136	0.0	c15
np	1218	G	Arg391Arg	NP	0.0	0.0318	c15
np	1234	A	Asn397Asp	NP	0.0	0.011	c15
np	1286	T	Val414Glu	NP	0.0	0.0506	c15
np	1340	A	Asn432Ser	NP	0.0103	0.0	c15
np	1414	T	Ser457Pro	NP	0.0	0.0212	c15
np	1451	A	Glu469Val	NP	0.0	0.0166	c15
np	1453	A	Lys470Glu	NP	0.0139	0.0	c15
np	1454	A	Lys470Arg	NP	0.0	0.0126	c15
np	1469	T	Ile475Thr	NP	0.0	0.0341	c15
np	1478	C	Ser478Tyr	NP	0.0	0.0233	c15
ns	28	T	Met1Thr	NS1	0.0	0.0123	c15
ns	144	C	Gln40Stop	NS1	0.0	0.0112	c15
ns	200	T	Thr58Thr	NS1	0.0128	0.0233	c15
ns	239	A	Glu71Glu	NS1	0.0121	0.0	c15
ns	416	G	Leu130Leu	NS1	0.0118	0.0	c15
ns	445	G	Arg140Gln	NS1	0.0	0.0188	c15
ns	771	A	Glu91Glu	NEP	0.0	0.0113	c15
ns	829	C	Gln111Stop	NEP	0.0101	0.0	c15
pa	28	G	Glu2Lys	PA	0.0335	0.0	c15
pa	33	C	Asp3Asp	PA	0.0172	0.0	c15
pa	50	T	Phe9Ser	PA	0.011	0.0	c15
pa	132	T	Ala36Ala	PA	0.0116	0.0	c15
pa	144	A	Thr40Thr	PA	0.0169	0.0	c15
pa	160	T	Phe46Leu	PA	0.0135	0.0	c15
pa	179	A	His52Arg	PA	0.0101	0.0	c15
pa	209	T	Ile62Thr	PA	0.011	0.0	c15
pa	235	T	Leu71Leu	PA	0.0128	0.0	c15
pa	245	A	His74Arg	PA	0.0104	0.0	c15
pa	433	A	Lys137Glu	PA	0.0108	0.0	c15
pa	472	T	Phe150Leu	PA	0.0116	0.0	c15
pa	510	T	Thr162Thr	PA	0.0112	0.0	c15
pa	558	A	Ile178Met	PA	0.0244	0.0	c15
pa	867	A	Lys281Lys	PA	0.0202	0.0	c15
pa	980	A	Glu319Gly	PA	0.0341	0.0	c15
pa	992	T	Ile323Thr	PA	0.0173	0.0	c15
pa	999	A	Pro325Pro	PA	0.0261	0.0	c15
pa	1059	C	Leu345Leu	PA	0.0147	0.0	c15
pa	1062	G	Gln346Gln	PA	0.0143	0.0	c15
pa	1127	G	Trp368Stop	PA	0.0139	0.0	c15
pa	1238	G	Ser405Asn	PA	0.0	0.0789	c15
pa	1245	T	Ile407Ile	PA	0.0167	0.0	c15
pa	1260	T	Asn412Asn	PA	0.0308	0.0	c15
pa	1263	G	Lys413Lys	PA	0.0126	0.0	c15
pa	1307	T	Ile428Thr	PA	0.0128	0.0	c15
pa	1489	T	Cys489Ser	PA	0.0124	0.2816	c15
pa	1558	A	Arg512Gly	PA	0.0172	0.0	c15
pa	1581	T	Asn519Asn	PA	0.0219	0.0	c15
pa	1616	G	Arg531Lys	PA	0.1704	0.0	c15
pa	1756	G	Gly578Ser	PA	0.0119	0.0	c15
pa	1802	A	Glu593Gly	PA	0.0	0.0235	c15
pa	1837	A	Lys605Glu	PA	0.0152	0.0106	c15
pa	1860	T	Phe612Phe	PA	0.0	0.0217	c15
pa	1862	A	Glu613Gly	PA	0.0167	0.0	c15
pa	1907	T	Val628Ala	PA	0.0	0.0896	c15
pa	2027	T	Ile668Thr	PA	0.0121	0.0	c15
pa	2073	T	Phe683Phe	PA	0.0183	0.0	c15
pa	2143	T	Phe707Leu	PA	0.0	0.0621	c15
pa	2158	A	Thr712Ala	PA	0.0	0.0127	c15
pb1	139	A	Thr39Pro	PB1	0.0254	0.0	c15
pb1	179	A	Lys52Arg	PB1	0.0118	0.0	c15
pb1	222	C	Leu66Leu	PB1	0.0172	0.0	c15
pb1	256	G	Glu78Lys	PB1	0.0139	0.0	c15
pb1	312	A	Glu96Glu	PB1	0.0127	0.0	c15
pb1	342	A	Ser106Ser	PB1	0.0141	0.0	c15
pb1	524	T	Leu167Pro	PB1	0.0252	0.0	c15
pb1	589	A	Arg189Gly	PB1	0.0191	0.0	c15
pb1	756	C	Pro244Pro	PB1	0.0541	0.0	c15
pb1	809	T	Ile262Thr	PB1	0.0296	0.0	c15
pb1	933	T	Thr303Thr	PB1	0.0156	0.0	c15
pb1	956	A	Glu311Gly	PB1	0.0146	0.0	c15
pb1	1299	T	Asn425Asn	PB1	0.0135	0.0	c15
pb1	1354	T	Ser444Pro	PB1	0.0227	0.0	c15
pb1	1379	A	Asn452Ser	PB1	0.0162	0.0	c15
pb1	1401	A	Ile459Met	PB1	0.0204	0.0	c15
pb1	1819	T	Tyr599His	PB1	0.0191	0.0	c15
pb1	1833	T	Asn603Asn	PB1	0.0134	0.0	c15
pb1	1850	T	Val609Ala	PB1	0.0202	0.0	c15
pb2	87	A	Leu20Leu	PB2	0.0246	0.0	c15
pb2	305	C	Pro93Leu	PB2	0.0112	0.0	c15
pb2	401	T	Leu125Ser	PB2	0.0171	0.0	c15
pb2	551	A	Lys175Arg	PB2	0.0162	0.0	c15
pb2	629	T	Leu201Ser	PB2	0.0149	0.0	c15
pb2	677	T	Phe217Ser	PB2	0.0125	0.0	c15
pb2	857	T	Leu277Pro	PB2	0.0116	0.0	c15
pb2	984	C	Ile319Ile	PB2	0.0127	0.0	c15
pb2	1126	G	Gly367Arg	PB2	0.0135	0.0	c15
pb2	1282	A	Asn419Tyr	PB2	0.0113	0.0	c15
pb2	1364	T	Phe446Ser	PB2	0.0281	0.0	c15
pb2	1366	C	Gln447Stop	PB2	0.0106	0.0	c15
pb2	1518	T	Ser497Ser	PB2	0.0228	0.0	c15
pb2	1520	T	Ile498Asn	PB2	0.0157	0.0	c15
pb2	1527	T	Arg500Arg	PB2	0.0123	0.0	c15
pb2	1528	T	Phe501Leu	PB2	0.0109	0.0	c15
pb2	1575	A	Glu516Glu	PB2	0.0101	0.0	c15
pb2	1653	T	Pro542Pro	PB2	0.0201	0.0	c15
pb2	1659	A	Ser544Ser	PB2	0.0184	0.0	c15
pb2	1665	T	Leu546Leu	PB2	0.0137	0.0	c15
pb2	1674	C	Thr549Thr	PB2	0.0318	0.0	c15
pb2	1693	A	Asn556Asp	PB2	0.0117	0.0	c15
pb2	1756	T	Phe577Leu	PB2	0.0117	0.0	c15
pb2	1761	A	Glu578Glu	PB2	0.0201	0.0	c15
pb2	1915	A	Arg630Gly	PB2	0.0435	0.0	c15
pb2	2003	A	Asn659Ser	PB2	0.014	0.0	c15
pb2	2114	T	Ile696Thr	PB2	0.0273	0.0	c15
ha	558	T	Tyr177His	HA	0.0258	0.0	c16
ha	771	G	Val248Ile	HA	0.0182	0.0	c16
ha	953	G	Lys308Lys	HA	0.0212	0.0	c16
ha	1081	T	Ile351Lys	HA	0.3428	0.0	c16
ha	1088	T	Gly353Gly	HA	0.0141	0.0	c16
ha	1124	T	Gly365Gly	HA	0.011	0.0	c16
ha	1146	A	Asn373Asp	HA	0.0113	0.0	c16
ha	1190	G	Gln387Gln	HA	0.023	0.0	c16
ha	1306	A	Glu426Gly	HA	0.0109	0.0	c16
ha	1355	A	Glu442Glu	HA	0.0117	0.0	c16
ha	1402	C	Ser458Leu	HA	0.0106	0.0	c16
ha	1405	A	Glu459Gly	HA	0.0781	0.0	c16
ha	1448	A	Glu473Glu	HA	0.0121	0.0	c16
ha	1483	T	Ile485Thr	HA	0.0128	0.0	c16
ha	1623	T	Leu532Leu	HA	0.0163	0.0	c16
ha	1666	T	Val546Ala	HA	0.0108	0.0	c16
mp	88	A	Lys21Lys	M1	0.0	0.0167	c16
mp	148	T	Ala41Ala	M1	0.0	0.0136	c16
mp	354	A	His110Arg	M1	0.0	0.0136	c16
mp	376	C	Leu117Leu	M1	0.0	0.0105	c16
mp	457	T	Phe144Phe	M1	0.0	0.0106	c16
mp	506	T	Ser161Pro	M1	0.0	0.012	c16
mp	705	C	Ala227Asp	M1	0.0	0.0105	c16
na	70	T	Ile17Ile	NA	0.0178	0.0	c16
na	78	T	Val20Glu	NA	0.0107	0.0	c16
na	116	G	Val33Met	NA	0.0103	0.0	c16
na	320	T	Ser101Pro	NA	0.0136	0.0	c16
na	342	T	Leu108Pro	NA	0.0129	0.0	c16
na	360	T	Ile114Thr	NA	0.0105	0.0	c16
na	361	T	Ile114Ile	NA	0.0102	0.0	c16
na	362	T	Trp115Arg	NA	0.0102	0.0	c16
na	386	T	Ser123Pro	NA	0.015	0.0	c16
na	452	T	Ser145Pro	NA	0.015	0.0	c16
na	463	A	Thr148Thr	NA	0.0149	0.0	c16
na	472	T	Asp151Asp	NA	0.0107	0.0	c16
na	481	T	Ser154Ser	NA	0.0134	0.0	c16
na	490	T	Thr157Thr	NA	0.0	0.3169	c16
na	524	T	Leu169Leu	NA	0.0106	0.0	c16
na	587	T	Leu190Leu	NA	0.014	0.0	c16
na	588	T	Leu190Ser	NA	0.0206	0.0	c16
na	607	A	Gly196Gly	NA	0.0101	0.0	c16
na	613	T	Asp198Asp	NA	0.0167	0.0	c16
na	632	T	Phe205Leu	NA	0.0153	0.0	c16
na	633	T	Phe205Ser	NA	0.0115	0.0	c16
na	662	A	Ile215Val	NA	0.0	0.0667	c16
na	719	A	Asn234Asp	NA	0.0	0.0394	c16
na	762	G	Gly248Glu	NA	0.0141	0.0	c16
na	994	A	Thr325Thr	NA	0.0188	0.0	c16
na	1099	T	Val360Val	NA	0.0112	0.0	c16
na	1105	G	Met362Ile	NA	0.0	0.0315	c16
na	1110	G	Arg364Lys	NA	0.0	0.0321	c16
na	1123	A	Lys368Asn	NA	0.0	0.0799	c16
na	1250	T	Ser411Pro	NA	0.017	0.0	c16
na	1268	T	Cys417Arg	NA	0.0203	0.0	c16
na	1289	G	Val424Met	NA	0.0114	0.0	c16
na	1351	C	Val444Val	NA	0.0111	0.0	c16
np	144	T	Val33Val	NP	0.0	0.0505	c16
np	162	T	Phe39Phe	NP	0.0101	0.0	c16
np	255	A	Ala70Ala	NP	0.0	0.0134	c16
np	333	T	Ile96Ile	NP	0.0105	0.0	c16
np	561	A	Leu172Leu	NP	0.0	0.012	c16
np	598	G	Gly185Arg	NP	0.0	0.0134	c16
np	956	T	Phe304Ser	NP	0.0	0.0189	c16
np	1023	T	Ser326Ser	NP	0.0	0.0437	c16
np	1131	A	Gly362Gly	NP	0.0	0.0283	c16
np	1267	G	Val408Ile	NP	0.0	0.0633	c16
np	1295	A	Asn417Ser	NP	0.0	0.0124	c16
np	1519	A	Asn492His	NP	0.0	0.103	c16
np	1535	A	Asp497Gly	NP	0.0129	0.0	c16
np	1542	A	Stop499Stop	NP	0.0117	0.0	c16
ns	205	T	Ile60Thr	NS1	0.0	0.0198	c16
ns	345	C	Pro107Ser	NS1	0.0	0.0166	c16
ns	363	G	Gly113Arg	NS1	0.0	0.0211	c16
ns	518	T	Pro164Pro	NS1	0.0	0.0122	c16
ns	622	A	Gln199Arg	NS1	0.0	0.0147	c16
ns	683	A	Asn62Ser	NEP	0.0	0.0105	c16
ns	777	C	Ser93Arg	NEP	0.0	0.0188	c16
ns	828	G	Glu110Glu	NEP	0.0	0.0107	c16
pa	160	T	Phe46Leu	PA	0.0121	0.0	c16
pa	189	T	Asp55Asp	PA	0.0	0.0146	c16
pa	501	A	Ala159Ala	PA	0.0196	0.0	c16
pa	977	A	Lys318Arg	PA	0.0142	0.0	c16
pa	1001	A	His326Arg	PA	0.0138	0.0	c16
pa	1097	A	Lys358Arg	PA	0.0162	0.0	c16
pa	1255	T	Phe411Leu	PA	0.0105	0.0	c16
pa	1454	T	Met477Thr	PA	0.0105	0.0	c16
pa	1489	T	Cys489Ser	PA	0.0951	0.0	c16
pa	1553	A	His510Arg	PA	0.0105	0.0	c16
pa	1726	A	Asn568Tyr	PA	0.0105	0.0	c16
pa	1826	C	Ser601Phe	PA	0.0132	0.0	c16
pa	1988	T	Leu655Pro	PA	0.0135	0.0	c16
pa	2055	A	Glu677Glu	PA	0.0254	0.0	c16
pa	2062	A	Thr680Ala	PA	0.0466	0.0	c16
pb1	76	A	Ile18Val	PB1	0.0	0.0112	c16
pb1	150	A	Thr42Thr	PB1	0.0	0.011	c16
pb1	329	T	Ile102Thr	PB1	0.0	0.0112	c16
pb1	903	A	Ser293Ser	PB1	0.0458	0.0	c16
pb1	2096	A	Lys691Arg	PB1	0.0	0.0189	c16
pb1	2157	T	Ile711Ile	PB1	0.0182	0.0	c16
pb1	2203	C	Arg727Stop	PB1	0.022	0.0	c16
pb1	2263	T	Cys747Arg	PB1	0.0	0.0154	c16
pb2	36	A	Arg3Arg	PB2	0.0	0.0129	c16
pb2	129	T	Tyr34Stop	PB2	0.0	0.0703	c16
pb2	130	A	Thr35Ala	PB2	0.0	0.0724	c16
pb2	163	A	Arg46Gly	PB2	0.0	0.047	c16
pb2	199	A	Thr58Ala	PB2	0.0	0.0104	c16
pb2	206	A	Asp60Gly	PB2	0.0	0.012	c16
pb2	877	T	Cys284Arg	PB2	0.0121	0.0	c16
pb2	910	G	Val295Met	PB2	0.0116	0.0	c16
pb2	929	A	Asn301Ser	PB2	0.0111	0.0	c16
pb2	957	A	Ile310Met	PB2	0.0146	0.0	c16
pb2	994	T	Phe323Leu	PB2	0.015	0.0	c16
pb2	1224	T	Ile399Ile	PB2	0.0111	0.0	c16
pb2	1317	C	Pro430Pro	PB2	0.0144	0.0	c16
pb2	1349	A	Asp441Gly	PB2	0.03	0.0	c16
pb2	1357	G	Val444Ile	PB2	0.0115	0.0	c16
pb2	1391	A	Asp455Gly	PB2	0.0155	0.0	c16
pb2	1761	A	Glu578Glu	PB2	0.0129	0.0	c16
pb2	1924	T	Phe633Leu	PB2	0.014	0.0	c16
pb2	2046	T	Gly673Gly	PB2	0.0106	0.0	c16
pb2	2228	T	Val734Ala	PB2	0.0	0.0167	c16
pb2	2254	A	Ile743Val	PB2	0.0108	0.0	c16
ha	963	A	Asn312Asp	HA	0.0105	0.0	c17
ha	1081	T	Ile351Lys	HA	0.174	0.0	c17
ha	1081	A	Ile351Ile	HA	0.0	0.0429	c17
ns	454	C	Thr143Asn	NS1	0.0384	0.037	c17
pa	725	A	Asn234Ser	PA	0.0137	0.0	c17
pb1	52	T	Leu10Leu	PB1	0.0	0.0115	c17
pb1	54	G	Leu10Leu	PB1	0.0227	0.0	c17
pb1	2036	A	Asn671Ser	PB1	0.0201	0.0	c17
pb1	2298	G	Stop758Stop	PB1	0.0726	0.0237	c17
pb2	136	G	Gly37Trp	PB2	0.0	0.0112	c17
pb2	396	A	Glu123Glu	PB2	0.0106	0.0	c17
pb2	1473	A	Lys482Lys	PB2	0.0121	0.0	c17
mp	95	A	Ile24Val	M1	0.0161	0.0	c18
mp	117	T	Val31Ala	M1	0.0381	0.0	c18
mp	202	T	Ile59Ile	M1	0.0123	0.0	c18
mp	350	T	Phe109Leu	M1	0.0238	0.0	c18
mp	361	T	Ala112Ala	M1	0.0197	0.0	c18
mp	709	T	Gly228Gly	M1	0.2609	0.0	c18
mp	716	A	Asp231Asp	M1	0.0105	0.0	c18
mp	839	T	Ile42Ile	M2	0.0187	0.0	c18
mp	841	T	Leu43Pro	M2	0.0109	0.0	c18
mp	851	T	Leu46Leu	M2	0.1191	0.0	c18
mp	894	A	Arg61Gly	M2	0.0103	0.0	c18
mp	911	A	Glu66Glu	M2	0.0107	0.0	c18
mp	952	A	Gln80Arg	M2	0.0213	0.0	c18
np	54	T	Ser3Ser	NP	0.0398	0.0	c18
np	148	A	Gly35Gly	NP	0.08	0.0	c18
np	153	T	Ile36Ile	NP	0.0359	0.0	c18
np	484	A	Thr147Ala	NP	0.0458	0.0	c18
np	672	C	Gly209Gly	NP	0.3478	0.0	c18
np	982	T	Phe313Leu	NP	0.1059	0.0	c18
np	1059	T	Phe338Phe	NP	0.0272	0.0	c18
np	1306	G	Glu421Lys	NP	0.3088	0.0	c18
np	1350	C	Gly435Gly	NP	0.0324	0.0	c18
ns	120	T	Phe32Leu	NS1	0.0	0.0154	c18
ns	379	A	Lys118Arg	NS1	0.0292	0.0	c18
ns	433	T	Val136Ala	NS1	0.0	0.0268	c18
ns	442	A	Glu139Gly	NS1	0.0595	0.0	c18
ns	547	T	Val174Ala	NS1	0.0123	0.0	c18
ns	773	A	Asn92Ser	NEP	0.0384	0.0	c18
pb2	2039	A	Asp671Gly	PB2	0.0372	0.0	c18
pb2	2246	A	Asp740Gly	PB2	0.046	0.0	c18
ha	156	A	Lys43Glu	HA	0.0781	0.2036	c2
ha	227	A	Lys66Lys	HA	0.0126	0.0	c2
ha	532	A	Asn168Ser	HA	0.0119	0.0	c2
ha	690	T	Ser221Pro	HA	0.0	0.0203	c2
ha	948	G	Glu307Lys	HA	0.0163	0.0372	c2
ha	951	A	Lys308Glu	HA	0.0104	0.0	c2
ha	1081	T	Ile351Lys	HA	0.2783	0.3277	c2
ha	1273	T	Phe415Ser	HA	0.0	0.0146	c2
ha	1328	A	Lys433Lys	HA	0.0	0.0136	c2
ha	1387	T	Ile453Thr	HA	0.0105	0.0	c2
ha	1403	A	Ser458Ser	HA	0.0	0.0138	c2
ha	1553	A	Arg508Arg	HA	0.0	0.0137	c2
mp	601	G	Met192Ile	M1	0.0419	0.0456	c2
mp	677	A	Thr218Ala	M1	0.1035	0.1108	c2
mp	1007	A	Stop98Stop	M2	0.0	0.0115	c2
na	257	G	Val80Ile	NA	0.0165	0.0	c2
na	602	A	Thr195Ala	NA	0.0	0.0114	c2
na	778	A	Arg253Arg	NA	0.0	0.0159	c2
na	779	A	Ile254Val	NA	0.0	0.0122	c2
na	846	A	Glu276Gly	NA	0.0	0.0117	c2
na	1192	G	Gln391Gln	NA	0.0	0.0171	c2
na	1283	T	Phe422Leu	NA	0.0	0.0109	c2
np	749	A	Gln235Arg	NP	0.0	0.0111	c2
np	841	T	Leu266Leu	NP	0.0	0.0109	c2
np	1524	A	Ala493Ala	NP	0.0	0.0108	c2
np	1529	A	Glu495Gly	NP	0.0	0.0153	c2
ns	157	G	Arg44Lys	NS1	0.0325	0.024	c2
ns	480	A	Asn152Asp	NS1	0.0767	0.0761	c2
pa	805	T	Leu261Leu	PA	0.0146	0.0	c2
pa	1156	A	Lys378Glu	PA	0.0146	0.0	c2
pa	1258	A	Asn412Asp	PA	0.0101	0.0	c2
pa	1346	A	Lys441Arg	PA	0.0111	0.0	c2
pa	1489	T	Cys489Ser	PA	0.0459	0.0	c2
pa	1692	A	Gln556Gln	PA	0.0114	0.0	c2
pa	1721	G	Arg566Ile	PA	0.0	0.0254	c2
pa	1752	A	Lys576Lys	PA	0.0107	0.0	c2
pa	1793	A	Gln590Arg	PA	0.0102	0.0	c2
pa	1911	A	Glu629Glu	PA	0.0	0.0141	c2
pa	2171	A	Lys716Arg	PA	0.0	0.0128	c2
pb1	27	G	Met1Ile	PB1	0.0	0.0136	c2
pb1	2235	A	Lys737Lys	PB1	0.0127	0.0101	c2
pb2	30	G	Met1Ile	PB2	0.0485	0.087	c2
pb2	46	T	Leu7Leu	PB2	0.0	0.0115	c2
pb2	194	C	Pro56Leu	PB2	0.0	0.0128	c2
pb2	322	T	Trp99Arg	PB2	0.0287	0.0	c2
pb2	367	G	Val114Ile	PB2	0.034	0.0588	c2
pb2	393	T	Val122Val	PB2	0.0111	0.0	c2
pb2	1049	A	Glu341Gly	PB2	0.0102	0.0	c2
pb2	1709	A	Lys561Arg	PB2	0.0102	0.0	c2
pb2	2059	G	Asp678Asn	PB2	0.1545	0.2026	c2
pa	1431	G	Leu469Leu	PA	0.0	0.0631	c20
ha	206	C	Val59Val	HA	0.0275	0.0	c4
ha	229	T	Ile67Thr	HA	0.0218	0.0	c4
ha	327	T	Trp100Arg	HA	0.0	0.0217	c4
ha	335	T	Leu102Leu	HA	0.0193	0.0	c4
ha	383	A	Val118Val	HA	0.0405	0.0	c4
ha	413	T	Ile128Ile	HA	0.0125	0.0	c4
ha	430	T	Leu134Ser	HA	0.0	0.0335	c4
ha	433	A	Glu135Gly	HA	0.0	0.0366	c4
ha	435	T	Phe136Leu	HA	0.0196	0.0	c4
ha	451	T	Phe141Ser	HA	0.0136	0.0	c4
ha	470	T	Thr147Thr	HA	0.0203	0.0	c4
ha	482	A	Gly151Gly	HA	0.0	0.0475	c4
ha	511	A	Asn161Ser	HA	0.0696	0.0	c4
ha	517	T	Phe163Ser	HA	0.0	0.0438	c4
ha	606	T	Leu193Leu	HA	0.0	0.0187	c4
ha	619	G	Gly197Glu	HA	0.0118	0.0	c4
ha	669	G	Ala214Thr	HA	0.0134	0.0	c4
ha	672	T	Ser215Pro	HA	0.0	0.0161	c4
ha	680	A	Arg217Arg	HA	0.0	0.0205	c4
ha	709	A	Gln227Arg	HA	0.0	0.015	c4
ha	737	A	Arg236Arg	HA	0.0	0.0167	c4
ha	766	T	Ile246Thr	HA	0.0228	0.0	c4
ha	793	C	Pro255Leu	HA	0.0	0.019	c4
ha	889	A	Asp287Gly	HA	0.0149	0.0	c4
ha	951	A	Lys308Glu	HA	0.0395	0.0	c4
ha	1081	T	Ile351Lys	HA	0.4293	0.2709	c4
ha	1089	T	Phe354Leu	HA	0.0108	0.0	c4
ha	1247	A	Glu406Glu	HA	0.0	0.082	c4
ha	1250	G	Lys407Lys	HA	0.0	0.0147	c4
ha	1251	T	Phe408Leu	HA	0.0	0.0109	c4
ha	1278	G	Glu417Lys	HA	0.0152	0.0	c4
ha	1282	T	Val418Ala	HA	0.0	0.0303	c4
ha	1286	A	Glu419Glu	HA	0.0156	0.0	c4
ha	1289	G	Gly420Gly	HA	0.0207	0.0446	c4
ha	1295	T	Ile422Ile	HA	0.0	0.0139	c4
ha	1352	C	Ala441Ala	HA	0.0	0.0133	c4
ha	1406	A	Glu459Glu	HA	0.0	0.0333	c4
ha	1408	T	Met460Thr	HA	0.0238	0.0	c4
ha	1409	G	Met460Ile	HA	0.0	0.0101	c4
ha	1515	T	Ser496Pro	HA	0.0186	0.0	c4
ha	1563	G	Val512Met	HA	0.0123	0.0	c4
ha	1600	A	Lys524Arg	HA	0.0	0.0197	c4
ha	1630	T	Ile534Thr	HA	0.0	0.0211	c4
ha	1686	T	Trp553Gly	HA	0.0	0.0147	c4
mp	58	T	Val11Val	M1	0.0	0.0119	c4
mp	144	A	Glu40Gly	M1	0.0116	0.0	c4
mp	181	G	Leu52Leu	M1	0.0	0.0104	c4
mp	305	G	Asp94Asn	M1	0.011	0.0	c4
mp	316	C	Val97Val	M1	0.0	0.0126	c4
mp	326	A	Arg101Gly	M1	0.0	0.0141	c4
mp	345	T	Ile107Thr	M1	0.0106	0.0	c4
mp	418	A	Ile131Met	M1	0.0	0.0244	c4
mp	439	G	Val138Val	M1	0.0	0.0122	c4
mp	469	T	Cys148Cys	M1	0.0102	0.0	c4
mp	480	A	Glu152Gly	M1	0.0	0.0115	c4
mp	529	C	Thr168Thr	M1	0.0	0.0183	c4
mp	808	T	Ile32Thr	M2	0.0	0.0122	c4
mp	851	T	Leu46Leu	M2	0.0	0.0107	c4
mp	894	A	Arg61Gly	M2	0.015	0.0	c4
mp	907	C	Thr65Met	M2	0.0122	0.0	c4
mp	921	G	Glu70Lys	M2	0.0	0.0136	c4
mp	976	A	Asp88Gly	M2	0.0	0.0136	c4
mp	981	C	His90Asn	M2	0.0	0.0141	c4
mp	989	C	Val92Val	M2	0.0	0.0133	c4
mp	990	A	Asn93Asp	M2	0.0153	0.0	c4
na	26	C	Pro3Ser	NA	0.0121	0.0	c4
na	61	T	Ser14Ser	NA	0.0	0.0171	c4
na	86	C	Leu23Phe	NA	0.0156	0.0	c4
na	88	C	Leu23Leu	NA	0.0	0.0196	c4
na	96	T	Ile26Thr	NA	0.0329	0.0	c4
na	97	T	Ile26Ile	NA	0.0312	0.0	c4
na	99	C	Ala27Val	NA	0.0107	0.0	c4
na	118	G	Val33Val	NA	0.0	0.0112	c4
na	167	A	Ile50Val	NA	0.0102	0.0	c4
na	168	T	Ile50Thr	NA	0.0332	0.0	c4
na	204	T	Ile62Thr	NA	0.0109	0.0	c4
na	222	T	Leu68Ser	NA	0.0293	0.0	c4
na	244	A	Lys75Lys	NA	0.0	0.0162	c4
na	271	C	Tyr84Tyr	NA	0.0	0.0665	c4
na	296	C	Gln93Lys	NA	0.0	0.0109	c4
na	320	T	Ser101Pro	NA	0.0106	0.0	c4
na	324	A	Lys102Arg	NA	0.0108	0.0	c4
na	339	G	Arg107Leu	NA	0.0	0.011	c4
na	360	T	Ile114Thr	NA	0.0153	0.0	c4
na	520	T	Phe167Phe	NA	0.0151	0.0	c4
na	569	C	His184Asn	NA	0.0	0.0117	c4
na	592	T	His191His	NA	0.0173	0.0	c4
na	594	T	Val192Ala	NA	0.0104	0.0	c4
na	647	A	Met210Val	NA	0.0	0.011	c4
na	709	T	Cys230Cys	NA	0.0139	0.0	c4
na	778	A	Arg253Arg	NA	0.0109	0.0	c4
na	794	G	Glu259Lys	NA	0.0212	0.0	c4
na	802	A	Lys261Lys	NA	0.0	0.0122	c4
na	803	A	Ile262Val	NA	0.0	0.0172	c4
na	828	G	Gly270Glu	NA	0.0	0.0717	c4
na	900	A	Asn294Ser	NA	0.0	0.0233	c4
na	928	A	Ile303Met	NA	0.0324	0.0	c4
na	939	T	Met307Thr	NA	0.013	0.0	c4
na	966	A	Tyr316Cys	NA	0.0122	0.0	c4
na	1050	G	Arg344Lys	NA	0.0394	0.0	c4
na	1079	T	Phe354Leu	NA	0.0	0.0365	c4
na	1119	G	Ser367Asn	NA	0.0	0.0123	c4
na	1122	A	Lys368Arg	NA	0.0124	0.0	c4
na	1134	C	Ser372Leu	NA	0.0154	0.0	c4
na	1147	T	Thr376Thr	NA	0.0	0.0118	c4
na	1151	A	Lys378Glu	NA	0.0	0.0224	c4
na	1155	T	Val379Ala	NA	0.0	0.0136	c4
na	1184	A	Lys389Glu	NA	0.0	0.0123	c4
na	1206	T	Val396Ala	NA	0.0226	0.0	c4
na	1207	C	Val396Val	NA	0.0	0.0115	c4
na	1217	A	Asn400Asp	NA	0.0	0.0131	c4
na	1237	T	Tyr406Tyr	NA	0.0	0.0111	c4
na	1319	A	Thr434Ala	NA	0.0133	0.0	c4
na	1334	A	Thr439Ala	NA	0.0	0.0113	c4
na	1343	A	Ser442Gly	NA	0.0	0.021	c4
na	1351	C	Val444Val	NA	0.0	0.0111	c4
na	1374	C	Thr452Ile	NA	0.0134	0.0	c4
np	216	C	Ile57Ile	NP	0.0	0.0182	c4
np	248	T	Leu68Pro	NP	0.0	0.0137	c4
np	298	G	Ala85Thr	NP	0.0	0.0143	c4
np	317	A	Lys91Arg	NP	0.0151	0.0	c4
np	374	T	Leu110Pro	NP	0.0128	0.0	c4
np	384	A	Lys113Lys	NP	0.0	0.0118	c4
np	390	G	Glu115Glu	NP	0.0102	0.0	c4
np	402	T	Ile119Ile	NP	0.0152	0.0	c4
np	404	G	Trp120Stop	NP	0.0132	0.0	c4
np	480	T	Asp145Asp	NP	0.0109	0.0	c4
np	513	T	Arg156Arg	NP	0.0432	0.0242	c4
np	596	A	Lys184Arg	NP	0.0144	0.0	c4
np	718	A	Ile225Val	NP	0.0155	0.0	c4
np	766	C	Gln241Lys	NP	0.0232	0.0	c4
np	801	A	Glu252Glu	NP	0.0112	0.0	c4
np	804	T	Ile253Ile	NP	0.0	0.0156	c4
np	815	T	Ile257Thr	NP	0.0	0.0152	c4
np	827	G	Arg261Gln	NP	0.0	0.0197	c4
np	829	T	Ser262Pro	NP	0.0	0.0135	c4
np	897	C	Ala284Ala	NP	0.0	0.0204	c4
np	925	G	Glu294Stop	NP	0.0191	0.0	c4
np	955	T	Phe304Val	NP	0.0128	0.0	c4
np	1027	T	Leu328Leu	NP	0.0	0.01	c4
np	1049	C	Ser335Phe	NP	0.0193	0.0	c4
np	1051	G	Ala336Ser	NP	0.0158	0.0	c4
np	1135	C	Gln364Lys	NP	0.0	0.0112	c4
np	1273	C	Pro410Ser	NP	0.0	0.0165	c4
np	1502	C	Ser486Phe	NP	0.0106	0.0	c4
np	1506	T	Tyr487Tyr	NP	0.0	0.0111	c4
np	1524	A	Ala493Ala	NP	0.0161	0.0	c4
ns	164	A	Arg46Arg	NS1	0.0112	0.0	c4
ns	405	A	Asn127Asp	NS1	0.0128	0.0	c4
ns	428	C	Phe134Leu	NS1	0.0	0.0115	c4
ns	445	G	Arg140Leu	NS1	0.0	0.0117	c4
pa	68	A	Glu15Gly	PA	0.0192	0.0	c4
pa	79	A	Lys19Glu	PA	0.022	0.0	c4
pa	271	G	Asp83Tyr	PA	0.0	0.0168	c4
pa	274	C	Arg84Stop	PA	0.0	0.0347	c4
pa	342	T	Leu106Leu	PA	0.0165	0.0	c4
pa	384	T	Ile120Ile	PA	0.0144	0.0	c4
pa	393	A	Thr123Thr	PA	0.0	0.1104	c4
pa	436	A	Ile138Val	PA	0.0136	0.0	c4
pa	687	G	Pro221Pro	PA	0.0393	0.0	c4
pa	692	T	Phe223Ser	PA	0.0198	0.0	c4
pa	717	C	Ala231Ala	PA	0.0403	0.0	c4
pa	719	A	Tyr232Cys	PA	0.0193	0.0	c4
pa	722	T	Val233Ala	PA	0.0275	0.0	c4
pa	779	A	Glu252Gly	PA	0.0	0.0193	c4
pa	783	G	Val253Val	PA	0.0	0.0182	c4
pa	828	T	Leu268Leu	PA	0.0	0.0179	c4
pa	922	G	Glu300Lys	PA	0.0	0.0219	c4
pa	1155	A	Glu377Glu	PA	0.0	0.0317	c4
pa	1250	G	Ser409Asn	PA	0.0	0.0368	c4
pa	1255	T	Phe411Ile	PA	0.022	0.0	c4
pa	1312	G	Glu430Stop	PA	0.0	0.0218	c4
pa	1359	T	Tyr445Tyr	PA	0.0	0.0163	c4
pa	1377	C	Ser451Ser	PA	0.0	0.0224	c4
pa	1399	A	Ile459Val	PA	0.015	0.0	c4
pa	1402	A	Met460Leu	PA	0.0	0.0185	c4
pa	1418	T	Ile465Thr	PA	0.0	0.0164	c4
pa	1458	T	Asp478Asp	PA	0.0	0.0139	c4
pa	1459	G	Asp479Tyr	PA	0.0	0.0123	c4
pa	1489	T	Cys489Ser	PA	0.1172	0.0383	c4
pa	1542	A	Lys506Lys	PA	0.0146	0.0	c4
pa	1563	T	Asn513Lys	PA	0.0323	0.0	c4
pa	1564	G	Asp514Tyr	PA	0.0	0.0101	c4
pa	1583	T	Phe520Cys	PA	0.0	0.0176	c4
pa	1599	C	Phe525Phe	PA	0.011	0.0	c4
pa	1609	G	Asp529Tyr	PA	0.0	0.0104	c4
pa	1667	T	Met548Thr	PA	0.0	0.0114	c4
pa	1677	G	Arg551Ser	PA	0.0	0.0104	c4
pa	1694	T	Val557Ala	PA	0.0	0.0205	c4
pa	1743	C	Ile573Ile	PA	0.0	0.012	c4
pa	1749	G	Met575Ile	PA	0.103	0.0	c4
pa	1828	G	Val602Ile	PA	0.0	0.0234	c4
pa	1845	G	Met607Ile	PA	0.0	0.0161	c4
pa	1857	C	Phe611Phe	PA	0.0	0.0376	c4
pa	1878	A	Thr618Thr	PA	0.0402	0.0	c4
pa	1906	G	Val628Met	PA	0.0	0.0261	c4
pa	1923	T	Ile633Ile	PA	0.0	0.0144	c4
pa	1989	C	Leu655Leu	PA	0.0	0.0142	c4
pa	2127	G	Leu701Phe	PA	0.0	0.0516	c4
pb1	489	A	Leu155Leu	PB1	0.0222	0.0	c4
pb1	542	C	Ser173Leu	PB1	0.0241	0.0	c4
pb1	984	A	Ala320Ala	PB1	0.0207	0.0	c4
pb1	998	T	Ile325Asn	PB1	0.0175	0.0	c4
pb1	1055	T	Phe344Ser	PB1	0.0162	0.0	c4
pb1	1168	A	Asn382Asp	PB1	0.0358	0.0	c4
pb1	1210	T	Leu396Leu	PB1	0.0321	0.0	c4
pb1	1466	A	Lys481Arg	PB1	0.0312	0.0	c4
pb1	1940	C	Ser639Phe	PB1	0.0299	0.0	c4
pb2	209	A	Lys61Arg	PB2	0.0	0.0285	c4
pb2	338	C	Pro104Leu	PB2	0.0	0.0458	c4
pb2	353	T	Val109Ala	PB2	0.0205	0.0	c4
pb2	446	A	Lys140Arg	PB2	0.0155	0.0	c4
pb2	526	G	Val167Ile	PB2	0.0156	0.0	c4
pb2	556	T	Leu177Leu	PB2	0.0129	0.0	c4
pb2	600	G	Glu191Glu	PB2	0.2135	0.255	c4
pb2	669	A	Lys214Lys	PB2	0.0	0.0308	c4
pb2	684	G	Pro219Pro	PB2	0.0	0.0306	c4
pb2	718	G	Val231Ile	PB2	0.0	0.0213	c4
pb2	722	T	Leu232Ser	PB2	0.0112	0.0	c4
pb2	732	A	Thr235Thr	PB2	0.0178	0.0	c4
pb2	916	A	Ile297Val	PB2	0.0	0.0311	c4
pb2	985	A	Ser320Gly	PB2	0.0129	0.0	c4
pb2	1021	A	Arg332Gly	PB2	0.0118	0.0	c4
pb2	1027	A	Asn334Asp	PB2	0.0201	0.0	c4
pb2	1045	A	Arg340Gly	PB2	0.0172	0.0	c4
pb2	1052	A	Glu342Gly	PB2	0.0261	0.0	c4
pb2	1086	A	Lys353Lys	PB2	0.0124	0.0	c4
pb2	1215	A	Glu396Glu	PB2	0.0111	0.0	c4
pb2	1223	T	Ile399Thr	PB2	0.0	0.0199	c4
pb2	1238	T	Phe404Ser	PB2	0.011	0.0	c4
pb2	1346	A	Lys440Arg	PB2	0.0	0.0695	c4
pb2	1356	A	Lys443Lys	PB2	0.01	0.0	c4
pb2	1372	T	Trp449Arg	PB2	0.0	0.026	c4
pb2	1524	T	Asp499Asp	PB2	0.0173	0.0	c4
pb2	1560	A	Ile511Met	PB2	0.0153	0.0	c4
pb2	1586	A	Glu520Gly	PB2	0.0123	0.0214	c4
pb2	1636	T	Trp537Arg	PB2	0.0282	0.0	c4
pb2	1657	T	Ser544Pro	PB2	0.0105	0.0	c4
pb2	1814	T	Val596Ala	PB2	0.0	0.0312	c4
pb2	1852	A	Thr609Ser	PB2	0.0	0.0271	c4
pb2	1873	A	Ile616Leu	PB2	0.0152	0.0	c4
pb2	1894	G	Ala623Thr	PB2	0.0	0.0304	c4
pb2	1923	G	Gln632Gln	PB2	0.0	0.0278	c4
pb2	1933	T	Leu636Leu	PB2	0.0	0.0263	c4
pb2	1949	G	Arg641Lys	PB2	0.0203	0.0	c4
pb2	1953	C	Gly642Gly	PB2	0.0205	0.0	c4
pb2	1967	T	Ile647Thr	PB2	0.0	0.0234	c4
pb2	1994	T	Phe656Ser	PB2	0.0121	0.0	c4
pb2	2073	A	Gly682Gly	PB2	0.0179	0.0	c4
pb2	2074	A	Thr683Ala	PB2	0.0116	0.0	c4
pb2	2126	A	Glu700Gly	PB2	0.0	0.0173	c4
pb2	2132	A	Lys702Arg	PB2	0.012	0.0	c4
pb2	2169	C	Ile714Ile	PB2	0.0	0.0105	c4
pb2	2201	T	Leu725Pro	PB2	0.0	0.0373	c4
pb2	2241	A	Lys738Lys	PB2	0.0148	0.0	c4
pb2	2277	G	Ala750Ala	PB2	0.0	0.011	c4
ha	59	T	Ile10Ile	HA	0.0625	0.0	c5
ha	168	A	Asp47Asp	HA	0.0847	0.1184	c5
ha	180	G	Glu51Lys	HA	0.0136	0.0	c5
ha	216	T	Ser63Pro	HA	0.0201	0.0	c5
ha	267	T	Cys80Arg	HA	0.0157	0.0	c5
ha	296	C	Asp89Asp	HA	0.0	0.0724	c5
ha	352	A	Asn108Ser	HA	0.0	0.0147	c5
ha	361	G	Ser111Asn	HA	0.0628	0.1107	c5
ha	405	T	Ser126Pro	HA	0.0101	0.0	c5
ha	455	T	Thr142Thr	HA	0.0208	0.0	c5
ha	650	A	Gln207Gln	HA	0.0157	0.0	c5
ha	702	A	Ser225Gly	HA	0.0	0.016	c5
ha	748	G	Arg240Lys	HA	0.0136	0.0	c5
ha	751	G	Gly241Asp	HA	0.0163	0.0	c5
ha	768	A	Ser247Gly	HA	0.0112	0.0	c5
ha	781	C	Thr251Ile	HA	0.0201	0.0	c5
ha	821	T	Asn264Asn	HA	0.0129	0.0	c5
ha	824	A	Gly265Gly	HA	0.0105	0.0	c5
ha	860	C	His277His	HA	0.0163	0.0	c5
ha	931	A	Asn301Ser	HA	0.0	0.0189	c5
ha	951	A	Lys308Glu	HA	0.0143	0.0	c5
ha	1003	T	Val325Ala	HA	0.0146	0.0	c5
ha	1043	T	Asn338Asn	HA	0.0	0.0193	c5
ha	1044	G	Val339Ile	HA	0.0195	0.0	c5
ha	1049	T	Pro340Pro	HA	0.0136	0.0	c5
ha	1081	T	Ile351Lys	HA	0.2581	0.2476	c5
ha	1088	G	Gly353Gly	HA	0.0864	0.0894	c5
ha	1096	A	Glu356Gly	HA	0.0115	0.0	c5
ha	1161	G	Gly378Arg	HA	0.0	0.0123	c5
ha	1182	A	Ser385Gly	HA	0.0	0.0116	c5
ha	1237	A	Lys403Arg	HA	0.0109	0.0	c5
ha	1264	A	Glu412Gly	HA	0.0103	0.0	c5
ha	1265	A	Glu412Glu	HA	0.0	0.0142	c5
ha	1285	A	Glu419Gly	HA	0.0123	0.0	c5
ha	1287	G	Gly420Arg	HA	0.1193	0.0	c5
ha	1295	T	Ile422Ile	HA	0.0	0.0102	c5
ha	1308	A	Lys427Glu	HA	0.0126	0.0	c5
ha	1309	A	Lys427Arg	HA	0.012	0.0	c5
ha	1319	A	Glu430Glu	HA	0.0116	0.0	c5
ha	1333	A	Asp435Gly	HA	0.0	0.0156	c5
ha	1372	A	Glu448Gly	HA	0.0	0.0116	c5
ha	1373	A	Glu448Glu	HA	0.0	0.0107	c5
ha	1406	A	Glu459Glu	HA	0.0	0.0178	c5
ha	1407	A	Met460Val	HA	0.0133	0.0	c5
ha	1425	A	Lys466Glu	HA	0.011	0.0	c5
ha	1530	A	Thr501Ala	HA	0.0	0.015	c5
ha	1565	G	Val512Val	HA	0.0	0.0103	c5
ha	1586	A	Arg519Arg	HA	0.0133	0.0	c5
ha	1623	T	Leu532Leu	HA	0.0	0.0256	c5
ha	1630	T	Ile534Thr	HA	0.013	0.0107	c5
ha	1655	G	Leu542Leu	HA	0.0295	0.0	c5
ha	1661	T	Cys544Cys	HA	0.0341	0.0	c5
ha	1705	A	Asn559Ser	HA	0.0	0.0168	c5
ha	1715	C	Cys562Cys	HA	0.0129	0.0	c5
ha	1716	A	Asn563Asp	HA	0.0148	0.0	c5
ha	1721	T	Ile564Ile	HA	0.0142	0.0	c5
mp	866	T	Ile51Ile	M2	0.0	0.012	c5
mp	935	A	Glu74Glu	M2	0.0105	0.0	c5
mp	989	C	Val92Val	M2	0.0	0.0103	c5
na	39	T	Ile7Thr	NA	0.0315	0.0	c5
na	55	T	Ser12Ser	NA	0.0317	0.0	c5
na	63	T	Leu15Pro	NA	0.0351	0.0	c5
na	70	T	Ile17Ile	NA	0.0	0.0225	c5
na	72	C	Ala18Gly	NA	0.0259	0.0	c5
na	78	T	Val20Ala	NA	0.0163	0.0	c5
na	80	T	Cys21Arg	NA	0.0147	0.0	c5
na	82	T	Cys21Cys	NA	0.0161	0.0	c5
na	83	T	Phe22Leu	NA	0.0182	0.0	c5
na	89	T	Leu24Leu	NA	0.0239	0.0	c5
na	96	T	Ile26Thr	NA	0.028	0.0	c5
na	105	T	Leu29Pro	NA	0.0185	0.0	c5
na	115	T	Thr32Thr	NA	0.0175	0.0	c5
na	117	T	Val33Ala	NA	0.0216	0.0	c5
na	125	T	Tyr36His	NA	0.0356	0.0	c5
na	143	T	Cys42Ser	NA	0.0	0.0903	c5
na	145	C	Cys42Trp	NA	0.0	0.0639	c5
na	172	A	Val51Val	NA	0.0118	0.0	c5
na	272	A	Arg85Gly	NA	0.0113	0.0	c5
na	318	T	Phe100Ser	NA	0.0	0.0345	c5
na	357	A	Asp113Gly	NA	0.0	0.0289	c5
na	405	G	Cys129Tyr	NA	0.0	0.0266	c5
na	440	A	Asn141Asp	NA	0.0172	0.0	c5
na	479	T	Ser154Pro	NA	0.0114	0.0	c5
na	504	A	Glu162Val	NA	0.0107	0.0	c5
na	506	T	Leu163Leu	NA	0.0	0.0185	c5
na	520	T	Phe167Phe	NA	0.0	0.0132	c5
na	523	T	His168His	NA	0.016	0.0	c5
na	540	T	Val174Ala	NA	0.0	0.0328	c5
na	552	G	Trp178Stop	NA	0.0395	0.0	c5
na	611	G	Asp198Asn	NA	0.056	0.0	c5
na	671	T	Trp218Arg	NA	0.0	0.039	c5
na	798	G	Gly260Glu	NA	0.014	0.0	c5
na	850	A	Glu277Glu	NA	0.0209	0.0	c5
na	894	G	Arg292Lys	NA	0.0	0.0943	c5
na	933	T	Ile305Lys	NA	0.0612	0.0	c5
na	1045	T	Asn342Asn	NA	0.0106	0.0	c5
na	1079	T	Phe354Leu	NA	0.0181	0.0	c5
na	1111	G	Arg364Arg	NA	0.0117	0.0	c5
na	1164	G	Gly382Asp	NA	0.0	0.0257	c5
na	1265	A	Ser416Gly	NA	0.0	0.0505	c5
na	1282	T	Cys421Cys	NA	0.0	0.026	c5
na	1296	T	Leu426Ser	NA	0.0167	0.0	c5
na	1371	G	Gly451Asp	NA	0.0466	0.0	c5
np	169	C	Gln42Glu	NP	0.0	0.0106	c5
np	188	A	Lys48Arg	NP	0.0	0.0104	c5
np	301	G	Gly86Arg	NP	0.0129	0.0	c5
np	306	A	Lys87Lys	NP	0.0161	0.0	c5
np	348	C	Asp101Asp	NP	0.0119	0.0	c5
np	374	T	Leu110Pro	NP	0.0	0.0137	c5
np	695	T	Ile217Thr	NP	0.0	0.012	c5
np	699	A	Ala218Ala	NP	0.0123	0.0	c5
np	703	G	Glu220Lys	NP	0.0	0.0102	c5
np	809	A	Asp255Gly	NP	0.012	0.0	c5
np	813	C	Leu256Leu	NP	0.0	0.0119	c5
np	814	A	Ile257Val	NP	0.0124	0.0	c5
np	869	G	Cys275Tyr	NP	0.0	0.0123	c5
np	982	T	Phe313Leu	NP	0.0	0.0171	c5
np	1035	G	Trp330Stop	NP	0.0101	0.0	c5
np	1090	G	Gly349Arg	NP	0.0	0.0131	c5
np	1212	G	Arg389Arg	NP	0.0	0.0149	c5
np	1435	T	Phe464Leu	NP	0.0	0.013	c5
np	1477	T	Ser478Pro	NP	0.0	0.0101	c5
np	1524	A	Ala493Ala	NP	0.0102	0.0109	c5
np	1532	A	Tyr496Cys	NP	0.011	0.0	c5
np	1542	A	Stop499Stop	NP	0.0	0.0155	c5
pa	42	A	Arg6Arg	PA	0.0104	0.0	c5
pa	602	A	Gln193Arg	PA	0.0	0.0435	c5
pa	621	G	Glu199Glu	PA	0.0207	0.0	c5
pa	744	A	Gly240Gly	PA	0.0143	0.0	c5
pa	797	A	Glu258Gly	PA	0.0166	0.0	c5
pa	963	A	Thr313Thr	PA	0.0198	0.0	c5
pa	1109	A	Lys362Arg	PA	0.0214	0.0	c5
pa	1149	A	Ala375Ala	PA	0.0	0.0476	c5
pa	1209	T	Ser395Ser	PA	0.0139	0.0	c5
pa	1295	A	Glu424Gly	PA	0.0132	0.0	c5
pa	1487	A	Lys488Arg	PA	0.0103	0.0	c5
pa	1489	T	Cys489Ser	PA	0.0914	0.097	c5
pa	1514	G	Lys497Lys	PA	0.1708	0.1424	c5
pa	1609	G	Asp529Asn	PA	0.0	0.015	c5
pa	1619	T	Leu532Pro	PA	0.0	0.0437	c5
pa	1712	T	Leu563Pro	PA	0.0	0.019	c5
pa	1759	A	Met579Val	PA	0.0153	0.0	c5
pa	1837	A	Lys605Glu	PA	0.0	0.0227	c5
pa	1839	A	Lys605Lys	PA	0.0131	0.0	c5
pa	1848	C	Thr608Thr	PA	0.014	0.0	c5
pa	1878	A	Thr618Thr	PA	0.0	0.0117	c5
pa	1963	A	Asn647Asp	PA	0.0	0.0179	c5
pa	2029	G	Val669Ile	PA	0.0	0.0159	c5
pa	2062	A	Thr680Pro	PA	0.0	0.0159	c5
pa	2092	A	Ile690Val	PA	0.0	0.0315	c5
pb1	69	A	Gln15Gln	PB1	0.0248	0.0	c5
pb1	147	C	Asp41Asp	PB1	0.0355	0.0	c5
pb1	1491	A	Thr489Thr	PB1	0.0962	0.0	c5
pb1	1894	C	Leu624Leu	PB1	0.0173	0.0	c5
pb1	1972	G	Gly650Ser	PB1	0.0176	0.0	c5
pb1	2043	C	Ser673Ser	PB1	0.0481	0.0867	c5
pb1	2143	A	Arg707Gly	PB1	0.0153	0.0	c5
pb1	2171	A	Glu716Gly	PB1	0.0166	0.0	c5
pb1	2237	A	Glu738Gly	PB1	0.0246	0.0	c5
pb2	218	T	Met64Thr	PB2	0.0124	0.0	c5
pb2	227	T	Ile67Thr	PB2	0.0131	0.0	c5
pb2	434	G	Arg136Gln	PB2	0.0	0.0385	c5
pb2	627	T	Pro200Pro	PB2	0.0128	0.0	c5
pb2	707	T	Val227Ala	PB2	0.0	0.0163	c5
pb2	767	G	Gly247Asp	PB2	0.0103	0.0	c5
pb2	849	G	Ala274Ala	PB2	0.0	0.0159	c5
pb2	862	T	Ser279Pro	PB2	0.0122	0.0	c5
pb2	895	G	Gly290Ser	PB2	0.0142	0.0	c5
pb2	945	A	Gln306Gln	PB2	0.0104	0.0	c5
pb2	948	T	Ala307Ala	PB2	0.0145	0.0	c5
pb2	967	G	Ala314Thr	PB2	0.0148	0.0	c5
pb2	976	T	Leu317Leu	PB2	0.0129	0.0	c5
pb2	979	A	Arg318Gly	PB2	0.0	0.0211	c5
pb2	1010	T	Phe328Ser	PB2	0.0119	0.0	c5
pb2	1021	A	Arg332Gly	PB2	0.0234	0.0	c5
pb2	1050	A	Glu341Glu	PB2	0.0104	0.0	c5
pb2	1081	T	Leu352Leu	PB2	0.011	0.0	c5
pb2	1161	T	Thr378Thr	PB2	0.0108	0.0	c5
pb2	1207	A	Ile394Val	PB2	0.0161	0.0	c5
pb2	1350	C	Asp441Glu	PB2	0.0	0.0253	c5
pb2	1363	T	Phe446Val	PB2	0.0132	0.0	c5
pb2	1379	T	Ile451Thr	PB2	0.0123	0.0	c5
pb2	1445	T	Met473Thr	PB2	0.013	0.0	c5
pb2	1472	A	Lys482Arg	PB2	0.0135	0.0	c5
pb2	1641	G	Glu538Glu	PB2	0.0117	0.0	c5
pb2	1659	A	Ser544Ser	PB2	0.015	0.0	c5
pb2	1739	T	Leu571Pro	PB2	0.0	0.0226	c5
pb2	1745	A	Asn573Ser	PB2	0.0	0.0199	c5
pb2	1763	C	Pro579Leu	PB2	0.0	0.0335	c5
pb2	1823	T	Leu599Pro	PB2	0.0106	0.0	c5
pb2	1862	C	Thr612Ile	PB2	0.0207	0.0	c5
pb2	1942	A	Asn639Asp	PB2	0.0101	0.0	c5
pb2	2026	G	Val667Ile	PB2	0.0107	0.0	c5
pb2	2132	A	Lys702Arg	PB2	0.0143	0.0	c5
pb2	2198	T	Val724Glu	PB2	0.0134	0.0	c5
pb2	2206	G	Gly727Arg	PB2	0.0171	0.0	c5
pb2	2246	A	Asp740Gly	PB2	0.0	0.056	c5
pb2	2266	A	Ser747Gly	PB2	0.0113	0.0	c5
pb2	2293	A	Met756Val	PB2	0.0133	0.0	c5
ha	367	G	Cys113Tyr	HA	0.0135	0.0	c6
ha	516	T	Phe163Leu	HA	0.0208	0.0	c6
ha	659	G	Leu210Leu	HA	0.0	0.0818	c6
ha	664	T	Ile212Thr	HA	0.0153	0.0	c6
ha	739	C	Pro237Leu	HA	0.0138	0.0	c6
ha	741	T	Leu238Leu	HA	0.0124	0.0	c6
ha	850	T	Phe274Ser	HA	0.0162	0.0	c6
ha	1081	T	Ile351Lys	HA	0.4768	0.0	c6
ha	1081	A	Ile351Ile	HA	0.0	0.3187	c6
ha	1095	G	Glu356Lys	HA	0.0157	0.0	c6
ha	1177	T	Leu383Pro	HA	0.0	0.0134	c6
ha	1208	T	Ile393Ile	HA	0.0106	0.0	c6
ha	1260	A	Ile411Val	HA	0.0	0.0118	c6
ha	1265	A	Glu412Glu	HA	0.0	0.018	c6
ha	1285	A	Glu419Gly	HA	0.0	0.0107	c6
ha	1304	T	Leu425Leu	HA	0.0112	0.0	c6
ha	1308	A	Lys427Glu	HA	0.0	0.0118	c6
ha	1404	G	Glu459Lys	HA	0.0247	0.0	c6
ha	1408	T	Met460Thr	HA	0.0169	0.0	c6
ha	1411	A	Asn461Ser	HA	0.0	0.0117	c6
ha	1419	T	Phe464Leu	HA	0.0	0.0104	c6
ha	1424	A	Glu465Glu	HA	0.014	0.0	c6
ha	1478	C	Phe483Phe	HA	0.012	0.0	c6
ha	1495	G	Cys489Tyr	HA	0.0216	0.0	c6
ha	1505	T	Ala492Ala	HA	0.0	0.0105	c6
ha	1528	G	Gly500Glu	HA	0.0109	0.0	c6
ha	1567	A	Asn513Ser	HA	0.0	0.0101	c6
ha	1664	T	Val545Val	HA	0.0113	0.0	c6
ha	1668	T	Leu547Leu	HA	0.0	0.0208	c6
ha	1680	A	Ile551Phe	HA	0.0207	0.0	c6
mp	517	G	Gln164Gln	M1	0.0123	0.0173	c6
mp	921	G	Glu70Lys	M2	0.0523	0.067	c6
mp	925	C	Ser71Phe	M2	0.029	0.0297	c6
na	68	A	Ile17Leu	NA	0.0124	0.0	c6
na	82	T	Cys21Cys	NA	0.0191	0.0	c6
na	83	T	Phe22Leu	NA	0.0107	0.0356	c6
na	117	T	Val33Ala	NA	0.0	0.0227	c6
na	167	A	Ile50Val	NA	0.0118	0.0	c6
na	189	T	Ile57Thr	NA	0.0196	0.0	c6
na	273	G	Arg85Lys	NA	0.0121	0.0	c6
na	317	T	Phe100Leu	NA	0.012	0.0	c6
na	361	T	Ile114Ile	NA	0.0134	0.0	c6
na	485	C	Arg156Trp	NA	0.0	0.0219	c6
na	496	A	Leu159Leu	NA	0.0161	0.0	c6
na	632	T	Phe205Leu	NA	0.0129	0.0	c6
na	647	A	Met210Val	NA	0.0	0.0144	c6
na	678	G	Arg220Gln	NA	0.0	0.0266	c6
na	687	T	Leu223Pro	NA	0.0	0.012	c6
na	825	C	Ser269Leu	NA	0.0119	0.0	c6
na	976	A	Ser319Ser	NA	0.0113	0.0	c6
na	1050	G	Arg344Lys	NA	0.011	0.0	c6
na	1068	A	Lys350Arg	NA	0.0111	0.0	c6
na	1090	T	Asp357Asp	NA	0.0106	0.0	c6
na	1097	G	Val360Ile	NA	0.011	0.0	c6
na	1152	A	Lys378Arg	NA	0.0	0.0285	c6
na	1180	T	Asn387Asn	NA	0.0	0.0296	c6
na	1191	A	Gln391Arg	NA	0.0106	0.0	c6
np	228	A	Ile61Met	NP	0.0	0.0108	c6
np	379	G	Asp112Asn	NP	0.0138	0.0	c6
np	452	T	Leu136Pro	NP	0.0	0.0112	c6
np	712	T	Cys223Arg	NP	0.0	0.0141	c6
np	839	T	Ile265Thr	NP	0.0	0.0101	c6
np	1524	A	Ala493Ala	NP	0.0	0.0121	c6
np	1529	A	Glu495Gly	NP	0.0119	0.0	c6
np	1542	A	Stop499Stop	NP	0.0124	0.0	c6
pa	89	A	Lys22Arg	PA	0.0	0.0119	c6
pa	240	G	Leu72Leu	PA	0.0104	0.0	c6
pa	241	A	Lys73Glu	PA	0.0	0.0111	c6
pa	254	A	Glu77Gly	PA	0.0142	0.0	c6
pa	267	G	Gly81Gly	PA	0.0155	0.0	c6
pa	1489	T	Cys489Ser	PA	0.134	0.0	c6
pa	1541	A	Lys506Arg	PA	0.0107	0.0	c6
pa	1542	A	Lys506Lys	PA	0.0107	0.0	c6
pa	1638	A	Glu538Glu	PA	0.0128	0.0	c6
pa	1732	A	Thr570Ala	PA	0.0116	0.0	c6
pa	1744	A	Lys574Glu	PA	0.0101	0.0	c6
pb1	147	C	Asp41Asp	PB1	0.0175	0.0109	c6
pb1	257	A	Glu78Gly	PB1	0.0318	0.0	c6
pb1	2063	G	Arg680Lys	PB1	0.0152	0.0	c6
pb1	2103	C	Cys693Trp	PB1	0.0104	0.0	c6
pb1	2235	A	Lys737Lys	PB1	0.0165	0.0102	c6
pb1	2275	G	Glu751Lys	PB1	0.0101	0.0	c6
pb2	46	T	Leu7Leu	PB2	0.0	0.016	c6
pb2	218	T	Met64Thr	PB2	0.0201	0.031	c6
pb2	233	A	Glu69Gly	PB2	0.0	0.0106	c6
ha	251	T	Ile74Ile	HA	0.0129	0.0	c7
ha	344	A	Glu105Glu	HA	0.011	0.0	c7
ha	1081	T	Ile351Lys	HA	0.4033	0.3802	c7
ha	1089	T	Phe354Leu	HA	0.0	0.0157	c7
ha	1249	A	Lys407Arg	HA	0.0	0.0125	c7
ha	1283	A	Val418Val	HA	0.0119	0.0	c7
ha	1612	A	Lys528Arg	HA	0.0	0.0135	c7
ha	1725	A	Ile566Val	HA	0.015	0.0	c7
ha	1726	T	Ile566Thr	HA	0.0132	0.0189	c7
ha	1727	T	Ile566Ile	HA	0.0115	0.0	c7
na	83	T	Phe22Leu	NA	0.0	0.0137	c7
na	204	T	Ile62Thr	NA	0.012	0.0	c7
na	237	T	Ile73Thr	NA	0.0122	0.0	c7
na	286	A	Lys89Lys	NA	0.0103	0.0	c7
na	481	T	Ser154Ser	NA	0.0	0.0111	c7
na	559	T	Ser180Ser	NA	0.0	0.0105	c7
na	970	G	Val317Val	NA	0.0369	0.0	c7
na	1341	A	Asn441Ser	NA	0.0	0.0111	c7
np	817	T	Phe258Leu	NP	0.0	0.0112	c7
np	1542	A	Stop499Stop	NP	0.0119	0.0	c7
pa	1316	A	Asp431Gly	PA	0.0105	0.0	c7
pa	1489	T	Cys489Ser	PA	0.1612	0.0712	c7
pa	1549	T	Ser509Pro	PA	0.0	0.0116	c7
pa	1604	T	Leu527Pro	PA	0.0105	0.0	c7
pa	1751	A	Lys576Arg	PA	0.012	0.0	c7
pa	1832	A	Lys603Arg	PA	0.0	0.0124	c7
pa	1866	C	Asn614Asn	PA	0.0294	0.0216	c7
pb1	381	G	Val119Val	PB1	0.0372	0.0	c7
pb1	384	C	Asp120Glu	PB1	0.0361	0.0	c7
pb1	2235	A	Lys737Lys	PB1	0.0118	0.0	c7
pb1	2266	T	Ser748Pro	PB1	0.0116	0.0	c7
pb1	2277	A	Glu751Glu	PB1	0.0	0.0142	c7
pb2	193	C	Pro56Ser	PB2	0.0397	0.0255	c7
pb2	1005	A	Gly326Gly	PB2	0.0122	0.0162	c7
pb2	1044	A	Lys339Lys	PB2	0.0106	0.0	c7
pb2	1085	A	Lys353Arg	PB2	0.0166	0.0	c7
pb2	1414	A	Ile463Leu	PB2	0.0184	0.0295	c7
pb2	1569	T	Ser514Ser	PB2	0.0	0.014	c7
pb2	2133	A	Lys702Lys	PB2	0.013	0.0101	c7
pb2	2167	A	Ile714Val	PB2	0.0113	0.0	c7
ha	1088	T	Gly353Gly	HA	0.0117	0.0	c8
ha	1130	T	Tyr367Tyr	HA	0.0	0.0225	c8
ha	1154	A	Glu375Glu	HA	0.0165	0.0	c8
ha	1165	A	Gln379Arg	HA	0.0	0.0271	c8
ha	1185	A	Thr386Ala	HA	0.0136	0.0	c8
ha	1242	A	Asn405Asp	HA	0.0	0.0171	c8
ha	1308	A	Lys427Glu	HA	0.0125	0.0	c8
ha	1350	G	Ala441Thr	HA	0.0	0.025	c8
ha	1390	A	Asp454Gly	HA	0.0146	0.0	c8
ha	1405	A	Glu459Gly	HA	0.0108	0.0	c8
ha	1451	T	Asn474Asn	HA	0.0	0.0228	c8
ha	1575	T	Phe516Leu	HA	0.0	0.012	c8
ha	1592	T	Val521Val	HA	0.0282	0.0	c8
ha	1604	T	Ser525Ser	HA	0.0	0.0346	c8
ha	1622	C	Ile531Ile	HA	0.1587	0.0	c8
ha	1696	A	Gln556Arg	HA	0.0	0.0388	c8
mp	109	T	Leu28Leu	M1	0.0118	0.0	c8
mp	121	T	Phe32Phe	M1	0.0158	0.0	c8
mp	150	T	Leu42His	M1	0.0111	0.0	c8
mp	213	T	Val63Ala	M1	0.0	0.0101	c8
mp	264	T	Val80Ala	M1	0.0139	0.0	c8
mp	305	G	Asp94Asn	M1	0.0	0.0256	c8
mp	321	T	Leu99Pro	M1	0.0	0.0209	c8
mp	364	A	Lys113Lys	M1	0.0	0.011	c8
mp	381	A	Tyr119Cys	M1	0.0	0.0373	c8
mp	385	A	Ser120Ser	M1	0.013	0.0	c8
mp	434	A	Thr137Ala	M1	0.0135	0.0	c8
mp	551	G	Glu176Lys	M1	0.0646	0.0	c8
mp	627	A	Glu201Gly	M1	0.0	0.0107	c8
mp	657	A	Gln211Arg	M1	0.0	0.0104	c8
mp	714	A	Lys230Arg	M1	0.0	0.0185	c8
mp	794	T	Ile27Ile	M2	0.0276	0.0	c8
mp	903	T	Ser64Pro	M2	0.0	0.0154	c8
mp	905	T	Ser64Ser	M2	0.0102	0.0	c8
mp	955	A	Gln81Arg	M2	0.0218	0.0	c8
mp	958	G	Ser82Asn	M2	0.0	0.0362	c8
mp	965	G	Val84Val	M2	0.0	0.0215	c8
mp	967	A	Asp85Gly	M2	0.0114	0.0	c8
mp	981	C	His90Asn	M2	0.0	0.0108	c8
mp	1003	A	Glu97Gly	M2	0.0183	0.0	c8
na	68	A	Ile17Val	NA	0.0358	0.0	c8
na	131	A	Lys38Glu	NA	0.0	0.0992	c8
na	286	A	Lys89Lys	NA	0.0496	0.0	c8
na	310	T	Phe97Phe	NA	0.0273	0.0	c8
na	344	T	Ser109Pro	NA	0.0	0.0606	c8
na	379	T	Pro120Pro	NA	0.0112	0.0	c8
na	419	C	Leu134Phe	NA	0.0284	0.0	c8
na	557	A	Ser180Cys	NA	0.0319	0.0	c8
na	654	T	Val212Ala	NA	0.0103	0.0	c8
na	754	T	Ser245Ser	NA	0.0102	0.0	c8
na	1013	T	Ser332Pro	NA	0.0135	0.0	c8
na	1245	T	Ile409Thr	NA	0.0104	0.0	c8
na	1285	T	Phe422Phe	NA	0.02	0.0	c8
na	1303	A	Arg428Arg	NA	0.026	0.0	c8
na	1369	T	Ser450Ser	NA	0.0159	0.0	c8
np	56	A	Gln4Arg	NP	0.0229	0.0	c8
np	83	T	Met13Thr	NP	0.0165	0.0	c8
np	98	A	Glu18Gly	NP	0.0	0.0203	c8
np	175	T	Cys44Arg	NP	0.0	0.0584	c8
np	229	A	Thr62Ala	NP	0.0195	0.0	c8
np	256	T	Phe71Leu	NP	0.0	0.0142	c8
np	278	A	Tyr78Cys	NP	0.0	0.0717	c8
np	298	A	Ala85Ala	NP	0.0121	0.0	c8
np	338	G	Arg98Gln	NP	0.0483	0.0	c8
np	345	A	Arg100Arg	NP	0.0118	0.0	c8
np	359	T	Val105Ala	NP	0.0233	0.0	c8
np	374	T	Leu110Pro	NP	0.0	0.0104	c8
np	408	T	Arg121Arg	NP	0.0	0.0527	c8
np	436	G	Ala131Thr	NP	0.0224	0.0719	c8
np	484	A	Thr147Ala	NP	0.0	0.0105	c8
np	496	A	Thr151Ala	NP	0.0184	0.0	c8
np	605	G	Gly187Val	NP	0.0	0.0376	c8
np	615	G	Val190Val	NP	0.0	0.044	c8
np	631	A	Met196Val	NP	0.0147	0.0	c8
np	658	A	Asn205Asp	NP	0.0103	0.0	c8
np	675	A	Glu210Glu	NP	0.0	0.0129	c8
np	709	A	Met222Val	NP	0.0	0.0118	c8
np	758	T	Met238Thr	NP	0.0595	0.0	c8
np	844	A	Arg267Gly	NP	0.0	0.0138	c8
np	966	T	Leu307Leu	NP	0.015	0.0	c8
np	987	T	Ser314Ser	NP	0.0131	0.0	c8
np	1007	A	Asn321Ser	NP	0.0	0.0218	c8
np	1047	T	His334His	NP	0.0	0.0139	c8
np	1068	A	Leu341Leu	NP	0.0	0.0363	c8
np	1110	A	Arg355Arg	NP	0.0209	0.0	c8
np	1137	A	Gln364Gln	NP	0.0	0.0126	c8
np	1161	A	Glu372Glu	NP	0.01	0.0	c8
np	1189	A	Arg382Gly	NP	0.0305	0.0	c8
np	1245	A	Arg400Arg	NP	0.0	0.0103	c8
np	1319	T	Ile425Thr	NP	0.0618	0.0	c8
np	1367	G	Arg441Leu	NP	0.0122	0.0	c8
np	1375	A	Ile444Val	NP	0.0	0.0142	c8
np	1416	T	Ser457Ser	NP	0.1098	0.0	c8
np	1463	A	Lys473Arg	NP	0.0	0.0525	c8
np	1519	A	Asn492Asp	NP	0.0	0.0168	c8
ns	124	T	Leu33Pro	NS1	0.0	0.02	c8
ns	172	C	Thr49Ile	NS1	0.0	0.0284	c8
ns	211	A	Lys62Arg	NS1	0.0	0.0176	c8
ns	224	G	Glu66Asp	NS1	0.0	0.0388	c8
ns	229	T	Ile68Thr	NS1	0.0267	0.0	c8
ns	272	T	Ala82Ala	NS1	0.0488	0.0	c8
ns	316	A	Glu97Gly	NS1	0.0166	0.0	c8
ns	328	A	Asp101Gly	NS1	0.0162	0.0	c8
ns	337	T	Met104Thr	NS1	0.0481	0.0	c8
ns	358	T	Val111Ala	NS1	0.0	0.02	c8
ns	480	A	Asn152Asp	NS1	0.0166	0.0	c8
ns	564	A	Ile180Val	NS1	0.0152	0.0	c8
ns	582	G	Glu186Lys	NS1	0.0	0.0414	c8
ns	627	T	Phe201Leu	NS1	0.0	0.0213	c8
ns	630	G	Ala202Thr	NS1	0.0	0.0395	c8
ns	645	G	Asp207Asn	NS1	0.0	0.0333	c8
ns	743	A	Glu82Gly	NEP	0.0	0.0122	c8
pa	298	A	Asn92Asp	PA	0.1163	0.0	c8
pa	347	A	Asp108Gly	PA	0.0186	0.0	c8
pa	367	A	Asn115Tyr	PA	0.169	0.0	c8
pa	395	G	Arg124Gln	PA	0.0242	0.0	c8
pa	410	T	Ile129Thr	PA	0.1898	0.0	c8
pa	513	T	Leu163Leu	PA	0.0274	0.0	c8
pa	541	A	Thr173Ala	PA	0.1755	0.0	c8
pa	797	A	Glu258Val	PA	0.0514	0.0	c8
pa	928	A	Ile302Val	PA	0.0308	0.0	c8
pa	1239	C	Ser405Ser	PA	0.0236	0.0	c8
pa	1313	A	Glu430Gly	PA	0.0271	0.0	c8
pa	1486	A	Lys488Glu	PA	0.0	0.2899	c8
pa	1495	A	Thr491Pro	PA	0.0	0.0278	c8
pa	1577	T	Val518Ala	PA	0.2138	0.0	c8
pa	1662	A	Gly546Gly	PA	0.0145	0.0	c8
pb1	166	C	Gln48Stop	PB1	0.0231	0.0	c8
pb1	257	A	Glu78Gly	PB1	0.0288	0.0	c8
pb1	308	T	Leu95Pro	PB1	0.0165	0.0	c8
pb1	316	T	Ser98Pro	PB1	0.0296	0.0	c8
pb1	391	A	Thr123Ala	PB1	0.0169	0.0	c8
pb1	576	T	His184His	PB1	0.0167	0.0	c8
pb1	780	A	Val252Val	PB1	0.0721	0.0	c8
pb1	857	A	Lys278Arg	PB1	0.021	0.0	c8
pb1	948	A	Lys308Lys	PB1	0.042	0.0	c8
pb1	998	T	Ile325Thr	PB1	0.0265	0.0	c8
pb1	1031	T	Val336Ala	PB1	0.0156	0.0	c8
pb1	1463	A	Lys480Arg	PB1	0.0223	0.0	c8
pb1	1501	A	Thr493Ala	PB1	0.0519	0.0	c8
pb1	1700	A	Tyr559Ser	PB1	0.0864	0.0	c8
pb1	1880	A	Asp619Gly	PB1	0.042	0.0	c8
pb1	1945	A	Asn641Asp	PB1	0.0215	0.0	c8
pb2	196	A	Ile57Val	PB2	0.0152	0.0	c8
pb2	282	A	Gly85Gly	PB2	0.022	0.0	c8
pb2	396	A	Glu123Glu	PB2	0.0207	0.0	c8
pb2	430	T	Phe135Leu	PB2	0.0107	0.0	c8
pb2	434	G	Arg136Gln	PB2	0.3173	0.0	c8
pb2	528	T	Val167Val	PB2	0.0295	0.0	c8
pb2	579	A	Thr184Thr	PB2	0.0209	0.0	c8
pb2	583	A	Thr186Ala	PB2	0.017	0.0	c8
pb2	720	A	Val231Val	PB2	0.0927	0.0	c8
pb2	801	T	Ser258Ser	PB2	0.0	0.1241	c8
pb2	958	T	Cys311Arg	PB2	0.0147	0.0	c8
pb2	1036	T	Ser337Thr	PB2	0.0166	0.0	c8
pb2	1057	A	Met344Val	PB2	0.0106	0.0	c8
pb2	1117	A	Thr364Ala	PB2	0.0164	0.0	c8
pb2	1150	A	Arg375Gly	PB2	0.0153	0.0	c8
pb2	1180	A	Ile385Val	PB2	0.0146	0.0	c8
pb2	1292	A	Asn422Ser	PB2	0.0105	0.0	c8
pb2	1319	T	Met431Thr	PB2	0.0284	0.0	c8
pb2	1323	T	His432His	PB2	0.0334	0.0	c8
pb2	1472	A	Lys482Ile	PB2	0.0236	0.0	c8
pb2	1767	C	Phe580Phe	PB2	0.0136	0.0	c8
pb2	1818	A	Arg597Arg	PB2	0.0155	0.0	c8
pb2	1925	T	Phe633Ser	PB2	0.0103	0.0	c8
pb2	1930	T	Ser635Pro	PB2	0.0	0.0932	c8
pb2	1936	A	Thr637Ala	PB2	0.0111	0.1552	c8
pb2	2020	C	Leu665Phe	PB2	0.0143	0.0	c8
ha	157	A	Lys43Arg	HA	0.0136	0.0	c9
ha	246	A	Lys73Glu	HA	0.0131	0.0	c9
ha	274	T	Leu82Pro	HA	0.3627	0.0	c9
ha	290	A	Leu87Leu	HA	0.0118	0.0	c9
ha	436	T	Phe136Ser	HA	0.0102	0.0	c9
ha	450	T	Phe141Leu	HA	0.0131	0.0	c9
ha	529	T	Leu167Ser	HA	0.0107	0.0	c9
ha	641	T	Asp204Asp	HA	0.0124	0.0	c9
ha	709	A	Gln227Arg	HA	0.0164	0.0	c9
ha	782	A	Thr251Thr	HA	0.2478	0.0	c9
ha	857	G	Met276Ile	HA	0.219	0.0	c9
ha	889	A	Asp287Gly	HA	0.0143	0.0	c9
ha	963	A	Asn312Asp	HA	0.0153	0.0	c9
ha	981	T	Tyr318His	HA	0.0224	0.0	c9
ha	1034	A	Gly335Gly	HA	0.0366	0.0	c9
ha	1079	A	Ala350Ala	HA	0.0116	0.0	c9
ha	1081	T	Ile351Lys	HA	0.4387	0.0	c9
ha	1088	T	Gly353Gly	HA	0.0118	0.0	c9
ha	1090	T	Phe354Ser	HA	0.2493	0.0	c9
ha	1222	A	Asn398Ser	HA	0.0131	0.0	c9
ha	1275	T	Ser416Pro	HA	0.0	0.0248	c9
ha	1286	A	Glu419Glu	HA	0.0	0.0468	c9
ha	1387	T	Ile453Thr	HA	0.0196	0.0	c9
ha	1391	T	Asp454Asp	HA	0.0	0.0228	c9
ha	1395	A	Thr456Ala	HA	0.014	0.0	c9
ha	1498	A	Asp490Gly	HA	0.0356	0.0	c9
ha	1582	T	Ile518Thr	HA	0.0	0.017	c9
ha	1593	G	Glu522Lys	HA	0.0248	0.0	c9
ha	1650	T	Phe541Leu	HA	0.0	0.0133	c9
ha	1677	T	Phe550Leu	HA	0.0	0.0355	c9
mp	45	T	Val7Ala	M1	0.0133	0.0	c9
mp	49	A	Glu8Glu	M1	0.0198	0.0	c9
mp	62	T	Ser13Thr	M1	0.012	0.0	c9
mp	111	A	Glu29Gly	M1	0.0286	0.0	c9
mp	160	G	Trp45Stop	M1	0.0	0.0631	c9
mp	228	T	Val68Ala	M1	0.0124	0.0	c9
mp	326	A	Arg101Gly	M1	0.0	0.0155	c9
mp	418	A	Ile131Met	M1	0.0189	0.0	c9
mp	450	T	Val142Ala	M1	0.0509	0.0	c9
mp	472	C	Ala149Ala	M1	0.0	0.0108	c9
mp	502	T	His159His	M1	0.0	0.0291	c9
mp	644	A	Asn207Tyr	M1	0.0146	0.0	c9
mp	784	A	Stop253Trp	M1	0.0	0.0269	c9
mp	797	T	Ile28Ile	M2	0.0	0.0194	c9
mp	805	G	Ser31Asn	M2	0.0895	0.0	c9
mp	828	A	Ile39Val	M2	0.0	0.0106	c9
mp	853	T	Phe47Ser	M2	0.0	0.0311	c9
mp	856	T	Phe48Tyr	M2	0.0	0.0196	c9
mp	860	A	Lys49Lys	M2	0.0	0.0134	c9
mp	914	A	Gly67Gly	M2	0.0141	0.0	c9
mp	984	T	Phe91Leu	M2	0.0279	0.0	c9
na	265	A	Leu82Leu	NA	0.0	0.0205	c9
na	501	A	Asn161Ser	NA	0.0	0.0103	c9
na	540	T	Val174Ala	NA	0.0	0.0216	c9
na	595	T	Val192Val	NA	0.0	0.0446	c9
na	951	A	Asn311Ser	NA	0.0	0.0189	c9
na	959	T	Ser314Pro	NA	0.0	0.0175	c9
na	1032	A	Lys338Arg	NA	0.0	0.0338	c9
na	1050	G	Arg344Lys	NA	0.0	0.0173	c9
na	1145	A	Thr376Ala	NA	0.0	0.0261	c9
np	52	T	Ser3Pro	NP	0.0	0.0186	c9
np	64	A	Lys7Glu	NP	0.011	0.0	c9
np	256	T	Phe71Leu	NP	0.0524	0.0	c9
np	308	A	Asp88Gly	NP	0.0191	0.0	c9
np	333	T	Ile96Ile	NP	0.0	0.0125	c9
np	378	T	Tyr111Tyr	NP	0.0309	0.0	c9
np	408	T	Arg121Arg	NP	0.0762	0.0	c9
np	409	C	Gln122Stop	NP	0.0688	0.0	c9
np	491	A	Gln149Arg	NP	0.0101	0.0	c9
np	495	A	Arg150Arg	NP	0.0	0.0412	c9
np	510	G	Val155Val	NP	0.0	0.3883	c9
np	540	T	Ser165Ser	NP	0.0	0.0108	c9
np	591	A	Ala182Ala	NP	0.0	0.0153	c9
np	607	A	Thr188Ala	NP	0.0	0.0748	c9
np	630	G	Arg195Arg	NP	0.0	0.1107	c9
np	651	T	Asn202Asn	NP	0.0	0.0142	c9
np	657	A	Arg204Arg	NP	0.0	0.0105	c9
np	675	A	Glu210Glu	NP	0.0129	0.0	c9
np	730	A	Lys229Glu	NP	0.0217	0.0	c9
np	739	A	Thr232Ala	NP	0.0	0.01	c9
np	765	T	Asp240Asp	NP	0.0104	0.0	c9
np	815	T	Ile257Thr	NP	0.0	0.0107	c9
np	817	T	Phe258Leu	NP	0.0126	0.0	c9
np	831	T	Ser262Ser	NP	0.0	0.0101	c9
np	846	A	Arg267Arg	NP	0.0	0.1233	c9
np	909	A	Gly288Gly	NP	0.0	0.0107	c9
np	932	A	Tyr296Cys	NP	0.0	0.1238	c9
np	954	T	Pro303Pro	NP	0.0108	0.0	c9
np	1000	A	Asn319Asp	NP	0.0	0.0982	c9
np	1033	T	Trp330Arg	NP	0.0	0.0145	c9
np	1045	C	His334Tyr	NP	0.0	0.0206	c9
np	1069	A	Arg342Gly	NP	0.0	0.0201	c9
np	1114	C	Gln357Glu	NP	0.0	0.0137	c9
np	1143	T	Ala366Ala	NP	0.0105	0.0	c9
np	1179	T	Thr378Thr	NP	0.0271	0.0	c9
np	1304	T	Phe420Ser	NP	0.0119	0.0	c9
np	1330	T	Phe429Val	NP	0.0	0.0427	c9
np	1340	A	Asn432Ser	NP	0.0281	0.0	c9
np	1406	A	Glu454Gly	NP	0.0	0.0162	c9
np	1421	A	Gln459Pro	NP	0.0	0.013	c9
np	1436	T	Phe464Cys	NP	0.0	0.0107	c9
np	1453	A	Lys470Glu	NP	0.0	0.0284	c9
np	1462	A	Lys473Glu	NP	0.0105	0.0	c9
ns	90	T	Phe22Leu	NS1	0.0	0.0139	c9
ns	143	T	Asp39Asp	NS1	0.0	0.0109	c9
ns	190	A	Glu55Gly	NS1	0.0235	0.0	c9
ns	192	A	Thr56Ala	NS1	0.0	0.017	c9
ns	202	G	Arg59His	NS1	0.0	0.0111	c9
ns	216	A	Ile64Val	NS1	0.0	0.0106	c9
ns	223	A	Glu66Gly	NS1	0.0122	0.0	c9
ns	224	G	Glu66Glu	NS1	0.0123	0.0	c9
ns	406	A	Asn127Thr	NS1	0.0119	0.0565	c9
ns	424	A	Asn133Ser	NS1	0.0288	0.0	c9
ns	433	T	Val136Ala	NS1	0.044	0.0	c9
ns	445	G	Arg140Gln	NS1	0.0	0.0543	c9
ns	547	T	Val174Ala	NS1	0.0	0.0185	c9
ns	554	T	Asn176Asn	NS1	0.0	0.0158	c9
ns	646	A	Asp207Gly	NS1	0.0	0.0104	c9
ns	689	A	Lys64Arg	NEP	0.0105	0.0	c9
ns	706	A	Ser70Cys	NEP	0.0	0.0131	c9
ns	782	A	Glu95Gly	NEP	0.0	0.0243	c9
ns	858	T	Leu120Leu	NEP	0.0143	0.0	c9
pa	496	A	Lys158Glu	PA	0.0	0.0476	c9
pa	1003	G	Lys327Lys	PA	0.0	0.2279	c9
pa	1051	A	Ala343Ala	PA	0.0	0.2366	c9
pa	1420	A	Asn466Asp	PA	0.0	0.038	c9
pa	1600	T	Ser526Pro	PA	0.0	0.0369	c9
pa	2082	A	Leu686Leu	PA	0.0	0.1152	c9
pa	2093	T	Ile690Thr	PA	0.0	0.3596	c9
pb1	50	T	Phe9Ser	PB1	0.0667	0.0	c9
pb1	304	T	Phe94Leu	PB1	0.0312	0.0	c9
pb1	348	T	Ile108Ile	PB1	0.059	0.0	c9
pb1	366	T	Val114Val	PB1	0.0252	0.0	c9
pb1	470	T	Val149Ala	PB1	0.0328	0.0	c9
pb1	949	T	Trp309Arg	PB1	0.0664	0.0	c9
pb1	1035	A	Leu337Leu	PB1	0.2054	0.0	c9
pb1	1143	T	Leu373Leu	PB1	0.0758	0.0	c9
pb1	1164	C	Tyr380Tyr	PB1	0.0279	0.0	c9
pb1	1187	A	Lys388Arg	PB1	0.0282	0.0	c9
pb1	1222	A	Thr400Ala	PB1	0.0238	0.0	c9
pb1	1380	T	Asn452Asn	PB1	0.0272	0.0	c9
pb1	1661	T	Met546Thr	PB1	0.0	0.0596	c9
pb1	1683	A	Lys553Lys	PB1	0.0	0.011	c9
pb1	1709	A	His562Arg	PB1	0.0	0.0162	c9
pb1	1743	G	Ser573Ser	PB1	0.0	0.0239	c9
pb1	1745	T	Phe574Ser	PB1	0.0	0.0882	c9
pb1	1766	A	Glu581Gly	PB1	0.0	0.0102	c9
pb1	2023	A	Ile667Val	PB1	0.0	0.0278	c9
pb1	2036	A	Asn671Ser	PB1	0.0	0.0111	c9
pb1	2082	A	Glu686Glu	PB1	0.0	0.0108	c9
pb2	168	G	Met47Ile	PB2	0.4643	0.0	c9
pb2	332	A	Asn102Ser	PB2	0.0135	0.0	c9
pb2	797	A	Gln257Arg	PB2	0.0234	0.0	c9
pb2	891	A	Gln288Gln	PB2	0.0106	0.0	c9
pb2	935	C	Thr303Ile	PB2	0.0105	0.0	c9
pb2	974	G	Gly316Asp	PB2	0.0159	0.0	c9
pb2	991	T	Ser322Pro	PB2	0.0124	0.0	c9
pb2	994	T	Phe323Leu	PB2	0.0837	0.0	c9
pb2	997	A	Ser324Gly	PB2	0.0142	0.0	c9
pb2	1020	A	Lys331Lys	PB2	0.0548	0.0	c9
pb2	1077	A	Gln350Gln	PB2	0.0276	0.0	c9
pb2	1112	A	Glu362Gly	PB2	0.0333	0.0	c9
pb2	1130	G	Arg368Lys	PB2	0.0909	0.0	c9
pb2	1134	A	Arg369Ser	PB2	0.137	0.0	c9
pb2	1339	T	Phe438Leu	PB2	0.0119	0.0	c9
pb2	1350	C	Asp441Glu	PB2	0.1299	0.0	c9
pb2	1358	T	Val444Ala	PB2	0.013	0.0	c9
pb2	1395	T	Asn456Asn	PB2	0.0154	0.0	c9
pb2	1421	C	Pro465His	PB2	0.2524	0.0	c9
pb2	1487	A	Glu487Gly	PB2	0.0431	0.0	c9
pb2	1527	T	Arg500Arg	PB2	0.0142	0.0	c9
pb2	1568	C	Ser514Tyr	PB2	0.0102	0.0	c9
pb2	1590	A	Thr521Thr	PB2	0.0838	0.0	c9
pb2	1709	A	Lys561Arg	PB2	0.0379	0.0	c9
pb2	1812	T	Phe595Phe	PB2	0.1528	0.0	c9
pb2	1818	A	Arg597Arg	PB2	0.0189	0.0	c9
pb2	1888	T	Phe621Ile	PB2	0.011	0.0	c9
pb2	1948	A	Arg641Gly	PB2	0.0102	0.0	c9
pb2	1959	A	Gly644Gly	PB2	0.0336	0.0	c9
pb2	1984	T	Ser653Pro	PB2	0.0173	0.0	c9
pb2	2067	T	Asp680Asp	PB2	0.039	0.0	c9
pb2	2155	A	Ile710Val	PB2	0.0149	0.0	c9
pb2	2179	A	Lys718Glu	PB2	0.0275	0.0	c9
pb2	2180	A	Lys718Arg	PB2	0.0149	0.0	c9
